19.02.2011 00:00:00	36.37876646
20.02.2011 00:00:00	54.58610926
21.02.2011 00:00:00	150.1346487
22.02.2011 00:00:00	300.6854565
23.02.2011 00:00:00	285.4197378
24.02.2011 00:00:00	328.7341006
25.02.2011 00:00:00	405.8633908
26.02.2011 00:00:00	385.1473274
27.02.2011 00:00:00	223.2080929
28.02.2011 00:00:00	360.3425754
01.03.2011 00:00:00	372.9907213
02.03.2011 00:00:00	420.8623876
03.03.2011 00:00:00	110.3661065
04.03.2011 00:00:00	256.1314866
05.03.2011 00:00:00	365.7512087
06.03.2011 00:00:00	378.7056383
07.03.2011 00:00:00	473.2514306
08.03.2011 00:00:00	429.8792535
09.03.2011 00:00:00	402.3779203
10.03.2011 00:00:00	103.6819947
11.03.2011 00:00:00	173.9785253
12.03.2011 00:00:00	396.2600357
13.03.2011 00:00:00	246.1757118
14.03.2011 00:00:00	218.5670703
15.03.2011 00:00:00	398.6482403
16.03.2011 00:00:00	164.3473769
17.03.2011 00:00:00	16.94803597
18.03.2011 00:00:00	15.74686265
19.03.2011 00:00:00	183.081575
20.03.2011 00:00:00	222.3604276
21.03.2011 00:00:00	500.2025895
22.03.2011 00:00:00	530.5970204
23.03.2011 00:00:00	410.9822883
24.03.2011 00:00:00	457.0083949
25.03.2011 00:00:00	395.9662759
26.03.2011 00:00:00	146.4177716
27.03.2011 00:00:00	358.9295549
28.03.2011 00:00:00	306.5543999
29.03.2011 00:00:00	547.8007785
30.03.2011 00:00:00	510.2317599
31.03.2011 00:00:00	309.3419521
01.04.2011 00:00:00	283.6343478
02.04.2011 00:00:00	408.9299724
03.04.2011 00:00:00	516.3787104
04.04.2011 00:00:00	84.32180324
05.04.2011 00:00:00	384.1841947
06.04.2011 00:00:00	371.513182
07.04.2011 00:00:00	487.1115648
08.04.2011 00:00:00	407.1967994
09.04.2011 00:00:00	525.4048841
10.04.2011 00:00:00	614.4136155
11.04.2011 00:00:00	389.0764704
12.04.2011 00:00:00	272.2275898
13.04.2011 00:00:00	139.9565086
14.04.2011 00:00:00	258.5392619
15.04.2011 00:00:00	174.6342885
16.04.2011 00:00:00	583.0929777
17.04.2011 00:00:00	474.7507799
18.04.2011 00:00:00	540.6136364
19.04.2011 00:00:00	597.4616434
20.04.2011 00:00:00	556.0560903
21.04.2011 00:00:00	573.8177458
22.04.2011 00:00:00	547.2602667
23.04.2011 00:00:00	560.27124
24.04.2011 00:00:00	584.1294145
25.04.2011 00:00:00	225.4927749
26.04.2011 00:00:00	227.24946
27.04.2011 00:00:00	294.2222161
28.04.2011 00:00:00	398.005277
29.04.2011 00:00:00	509.9865264
30.04.2011 00:00:00	494.5706048
01.05.2011 00:00:00	508.1440301
02.05.2011 00:00:00	289.4789321
03.05.2011 00:00:00	80.22714529
04.05.2011 00:00:00	383.1758303
05.05.2011 00:00:00	558.1069987
06.05.2011 00:00:00	632.6875951
07.05.2011 00:00:00	654.8772592
08.05.2011 00:00:00	558.1111867
09.05.2011 00:00:00	578.6247666
10.05.2011 00:00:00	634.2083744
11.05.2011 00:00:00	543.2613448
12.05.2011 00:00:00	322.5847736
13.05.2011 00:00:00	536.9919436
14.05.2011 00:00:00	384.6956038
15.05.2011 00:00:00	256.2267371
16.05.2011 00:00:00	369.2566281
17.05.2011 00:00:00	359.8121748
18.05.2011 00:00:00	603.1675532
19.05.2011 00:00:00	615.9828854
20.05.2011 00:00:00	560.967336
21.05.2011 00:00:00	582.777597
22.05.2011 00:00:00	613.1044308
23.05.2011 00:00:00	584.4488929
24.05.2011 00:00:00	513.6863193
25.05.2011 00:00:00	640.3999518
26.05.2011 00:00:00	653.726005
27.05.2011 00:00:00	218.9098036
28.05.2011 00:00:00	363.8647729
29.05.2011 00:00:00	561.3094023
30.05.2011 00:00:00	606.4207956
31.05.2011 00:00:00	508.7606476
01.06.2011 00:00:00	152.4141561
02.06.2011 00:00:00	244.769771
03.06.2011 00:00:00	474.6807102
04.06.2011 00:00:00	484.497878
05.06.2011 00:00:00	488.7407103
06.06.2011 00:00:00	401.1009117
07.06.2011 00:00:00	464.026413
08.06.2011 00:00:00	372.0758354
09.06.2011 00:00:00	433.8818326
10.06.2011 00:00:00	483.1198509
11.06.2011 00:00:00	356.6714372
12.06.2011 00:00:00	328.4399449
13.06.2011 00:00:00	450.7197113
14.06.2011 00:00:00	404.0447508
15.06.2011 00:00:00	498.9080713
16.06.2011 00:00:00	449.0063171
17.06.2011 00:00:00	568.8094173
18.06.2011 00:00:00	102.7496594
19.06.2011 00:00:00	463.6553218
20.06.2011 00:00:00	339.3283901
21.06.2011 00:00:00	266.4488717
22.06.2011 00:00:00	419.7979814
23.06.2011 00:00:00	499.2550833
24.06.2011 00:00:00	389.5114468
25.06.2011 00:00:00	519.034462
26.06.2011 00:00:00	286.8275918
27.06.2011 00:00:00	542.429214
28.06.2011 00:00:00	595.9723937
29.06.2011 00:00:00	593.8434547
30.06.2011 00:00:00	378.9776648
01.07.2011 00:00:00	443.9019109
02.07.2011 00:00:00	330.2010443
03.07.2011 00:00:00	104.9723064
04.07.2011 00:00:00	230.5571306
05.07.2011 00:00:00	417.3660308
06.07.2011 00:00:00	500.3469454
07.07.2011 00:00:00	475.8240958
08.07.2011 00:00:00	279.9336565
09.07.2011 00:00:00	475.5372822
10.07.2011 00:00:00	432.0514515
11.07.2011 00:00:00	367.9447733
12.07.2011 00:00:00	481.3184175
13.07.2011 00:00:00	359.8907659
14.07.2011 00:00:00	402.1391124
15.07.2011 00:00:00	396.7036725
16.07.2011 00:00:00	574.7721966
17.07.2011 00:00:00	464.135627
18.07.2011 00:00:00	298.5505534
19.07.2011 00:00:00	447.3348341
20.07.2011 00:00:00	122.7376831
21.07.2011 00:00:00	123.2460487
22.07.2011 00:00:00	223.0412576
23.07.2011 00:00:00	530.7116114
24.07.2011 00:00:00	289.6621801
25.07.2011 00:00:00	421.6109646
26.07.2011 00:00:00	304.5251685
27.07.2011 00:00:00	371.7208185
28.07.2011 00:00:00	413.3222544
29.07.2011 00:00:00	325.6086733
30.07.2011 00:00:00	87.45572147
31.07.2011 00:00:00	119.2018475
01.08.2011 00:00:00	232.7340115
02.08.2011 00:00:00	437.1310693
03.08.2011 00:00:00	498.2184877
04.08.2011 00:00:00	266.2155692
05.08.2011 00:00:00	264.9312486
06.08.2011 00:00:00	335.9924575
07.08.2011 00:00:00	97.17805218
08.08.2011 00:00:00	273.5733137
09.08.2011 00:00:00	274.7631635
10.08.2011 00:00:00	250.1982785
11.08.2011 00:00:00	395.7318925
12.08.2011 00:00:00	363.2478395
13.08.2011 00:00:00	261.7181363
14.08.2011 00:00:00	385.3857296
15.08.2011 00:00:00	99.03258007
16.08.2011 00:00:00	309.141348
17.08.2011 00:00:00	369.1735842
18.08.2011 00:00:00	506.3052321
19.08.2011 00:00:00	282.3518808
20.08.2011 00:00:00	542.8832594
21.08.2011 00:00:00	423.3017501
22.08.2011 00:00:00	454.8950628
23.08.2011 00:00:00	478.5034736
24.08.2011 00:00:00	396.768364
25.08.2011 00:00:00	403.5613412
26.08.2011 00:00:00	482.0329392
27.08.2011 00:00:00	61.95151872
28.08.2011 00:00:00	482.9722541
29.08.2011 00:00:00	453.7585874
30.08.2011 00:00:00	454.1994113
31.08.2011 00:00:00	538.8809346
01.09.2011 00:00:00	375.7126408
02.09.2011 00:00:00	424.5550016
03.09.2011 00:00:00	456.5305409
04.09.2011 00:00:00	402.9451677
05.09.2011 00:00:00	93.70805396
06.09.2011 00:00:00	436.9473631
07.09.2011 00:00:00	161.1886274
08.09.2011 00:00:00	131.9983898
09.09.2011 00:00:00	221.8318795
10.09.2011 00:00:00	277.4098344
11.09.2011 00:00:00	422.9609826
12.09.2011 00:00:00	389.0369657
13.09.2011 00:00:00	105.16479
14.09.2011 00:00:00	299.4450679
15.09.2011 00:00:00	271.6982784
16.09.2011 00:00:00	317.3176338
17.09.2011 00:00:00	273.2753238
18.09.2011 00:00:00	55.67073676
19.09.2011 00:00:00	55.17365819
20.09.2011 00:00:00	65.39563793
21.09.2011 00:00:00	278.1084899
22.09.2011 00:00:00	273.4922502
23.09.2011 00:00:00	260.3354712
24.09.2011 00:00:00	405.8110397
25.09.2011 00:00:00	393.531835
26.09.2011 00:00:00	388.1111839
27.09.2011 00:00:00	293.6875833
28.09.2011 00:00:00	299.4752639
29.09.2011 00:00:00	296.4787917
30.09.2011 00:00:00	340.7059861
01.10.2011 00:00:00	383.1301944
02.10.2011 00:00:00	383.7663889
03.10.2011 00:00:00	326.9803056
04.10.2011 00:00:00	340.5747639
05.10.2011 00:00:00	92.10319444
06.10.2011 00:00:00	328.1202917
07.10.2011 00:00:00	168.2772361
08.10.2011 00:00:00	159.8685972
09.10.2011 00:00:00	184.624625
10.10.2011 00:00:00	60.94984722
11.10.2011 00:00:00	68.99751389
12.10.2011 00:00:00	42.53344444
13.10.2011 00:00:00	256.7241528
14.10.2011 00:00:00	237.7157778
15.10.2011 00:00:00	341.8751806
16.10.2011 00:00:00	345.4449306
17.10.2011 00:00:00	357.6400694
18.10.2011 00:00:00	308.2554444
19.10.2011 00:00:00	16.86673611
20.10.2011 00:00:00	208.1704583
21.10.2011 00:00:00	236.6342222
22.10.2011 00:00:00	70.93068056
23.10.2011 00:00:00	109.1733194
24.10.2011 00:00:00	92.89986111
25.10.2011 00:00:00	13.31902778
26.10.2011 00:00:00	19.92427778
27.10.2011 00:00:00	22.42245833
28.10.2011 00:00:00	45.82509722
29.10.2011 00:00:00	126.2729028
30.10.2011 00:00:00	101.3759444
31.10.2011 00:00:00	44.40276389
01.11.2011 00:00:00	125.2856944
02.11.2011 00:00:00	8.940569491
03.11.2011 00:00:00	35.29541662
04.11.2011 00:00:00	14.96853793
05.11.2011 00:00:00	23.43758707
06.11.2011 00:00:00	176.5233889
07.11.2011 00:00:00	161.1286944
08.11.2011 00:00:00	14.76594444
09.11.2011 00:00:00	12.10513889
10.11.2011 00:00:00	14.26418056
11.11.2011 00:00:00	53.26217936
12.11.2011 00:00:00	188.0435151
13.11.2011 00:00:00	179.6010556
14.11.2011 00:00:00	135.5615833
15.11.2011 00:00:00	22.87081944
16.11.2011 00:00:00	11.22181944
17.11.2011 00:00:00	10.69125
18.11.2011 00:00:00	45.36198611
19.11.2011 00:00:00	66.44275
20.11.2011 00:00:00	97.2265
21.11.2011 00:00:00	37.69198611
22.11.2011 00:00:00	116.7958472
23.11.2011 00:00:00	5.398708333
24.11.2011 00:00:00	16.45422222
25.11.2011 00:00:00	23.15473611
26.11.2011 00:00:00	83.72475
27.11.2011 00:00:00	132.6099861
28.11.2011 00:00:00	104.1753194
29.11.2011 00:00:00	97.69520833
30.11.2011 00:00:00	14.83105556
01.12.2011 00:00:00	15.607125
02.12.2011 00:00:00	63.58318056
03.12.2011 00:00:00	79.20543056
04.12.2011 00:00:00	29.42311111
05.12.2011 00:00:00	67.87797222
06.12.2011 00:00:00	71.26366667
07.12.2011 00:00:00	19.54323611
08.12.2011 00:00:00	38.34233333
09.12.2011 00:00:00	17.40716667
10.12.2011 00:00:00	63.34402778
11.12.2011 00:00:00	103.3062083
12.12.2011 00:00:00	28.55269444
13.12.2011 00:00:00	33.17391667
14.12.2011 00:00:00	48.86019444
15.12.2011 00:00:00	26.65569444
16.12.2011 00:00:00	4.966375
17.12.2011 00:00:00	37.88070833
18.12.2011 00:00:00	48.08647222
19.12.2011 00:00:00	99.34184722
20.12.2011 00:00:00	93.12726389
21.12.2011 00:00:00	21.76770833
22.12.2011 00:00:00	73.35294444
23.12.2011 00:00:00	40.85118056
24.12.2011 00:00:00	30.279625
25.12.2011 00:00:00	37.58066667
26.12.2011 00:00:00	40.09398611
27.12.2011 00:00:00	4.152416667
28.12.2011 00:00:00	5.603847222
29.12.2011 00:00:00	39.54055556
30.12.2011 00:00:00	38.97179167
31.12.2011 00:00:00	95.33531944
01.01.2012 00:00:00	16.82701389
02.01.2012 00:00:00	15.30293056
03.01.2012 00:00:00	99.70773611
04.01.2012 00:00:00	45.82290278
05.01.2012 00:00:00	21.579
06.01.2012 00:00:00	84.27841667
07.01.2012 00:00:00	17.88877778
08.01.2012 00:00:00	36.530375
09.01.2012 00:00:00	24.53123611
10.01.2012 00:00:00	45.31588889
11.01.2012 00:00:00	31.48551389
12.01.2012 00:00:00	105.8931389
13.01.2012 00:00:00	70.24105556
14.01.2012 00:00:00	72.11784722
15.01.2012 00:00:00	135.6647711
16.01.2012 00:00:00	64.47647887
17.01.2012 00:00:00	16.64365278
18.01.2012 00:00:00	161.2523472
19.01.2012 00:00:00	14.86033333
20.01.2012 00:00:00	95.77980556
21.01.2012 00:00:00	26.90944444
22.01.2012 00:00:00	111.5260556
23.01.2012 00:00:00	122.1629672
24.01.2012 00:00:00	38.45869943
25.01.2012 00:00:00	53.34236111
26.01.2012 00:00:00	154.5385417
27.01.2012 00:00:00	198.4079347
28.01.2012 00:00:00	71.89875978
29.01.2012 00:00:00	140.9850479
30.01.2012 00:00:00	189.6806717
31.01.2012 00:00:00	200.4570591
01.02.2012 00:00:00	232.6570686
02.02.2012 00:00:00	262.1676543
03.02.2012 00:00:00	254.9203088
04.02.2012 00:00:00	170.2610681
05.02.2012 00:00:00	140.5561077
06.02.2012 00:00:00	265.3242778
07.02.2012 00:00:00	14.24839696
08.02.2012 00:00:00	163.1853633
09.02.2012 00:00:00	9.271281423
10.02.2012 00:00:00	15.1155012
11.02.2012 00:00:00	26.87666182
12.02.2012 00:00:00	75.96972739
13.02.2012 00:00:00	21.55237348
14.02.2012 00:00:00	120.1415906
15.02.2012 00:00:00	83.81004831
16.02.2012 00:00:00	191.1489874
17.02.2012 00:00:00	54.77749875
18.02.2012 00:00:00	132.6106389
19.02.2012 00:00:00	91.13488395
20.02.2012 00:00:00	238.5435618
21.02.2012 00:00:00	235.7608459
22.02.2012 00:00:00	192.6363611
23.02.2012 00:00:00	72.73702778
24.02.2012 00:00:00	167.7901806
25.02.2012 00:00:00	316.1720278
26.02.2012 00:00:00	142.303125
27.02.2012 00:00:00	308.27941
28.02.2012 00:00:00	66.85521498
29.02.2012 00:00:00	84.24623962
01.03.2012 00:00:00	105.5986004
02.03.2012 00:00:00	211.3127488
03.03.2012 00:00:00	413.9664251
04.03.2012 00:00:00	249.8056816
05.03.2012 00:00:00	371.55286
06.03.2012 00:00:00	333.3526667
07.03.2012 00:00:00	416.4264167
08.03.2012 00:00:00	75.85418056
09.03.2012 00:00:00	325.5275693
10.03.2012 00:00:00	245.7153057
11.03.2012 00:00:00	78.87984722
12.03.2012 00:00:00	44.14129517
13.03.2012 00:00:00	72.14280205
14.03.2012 00:00:00	53.55327778
15.03.2012 00:00:00	187.6503194
16.03.2012 00:00:00	415.0491111
17.03.2012 00:00:00	466.8007527
18.03.2012 00:00:00	432.4590529
19.03.2012 00:00:00	353.7767919
20.03.2012 00:00:00	519.8296109
21.03.2012 00:00:00	463.0042743
22.03.2012 00:00:00	390.3223674
23.03.2012 00:00:00	380.5909416
24.03.2012 00:00:00	454.4602361
25.03.2012 00:00:00	530.9659306
26.03.2012 00:00:00	493.7875694
27.03.2012 00:00:00	249.8582639
28.03.2012 00:00:00	515.9188056
29.03.2012 00:00:00	116.9983889
30.03.2012 00:00:00	97.06261111
31.03.2012 00:00:00	77.64291667
01.04.2012 00:00:00	391.5136389
02.04.2012 00:00:00	155.4724565
03.04.2012 00:00:00	471.6635157
04.04.2012 00:00:00	356.8238194
05.04.2012 00:00:00	38.06675581
06.04.2012 00:00:00	95.94095252
07.04.2012 00:00:00	230.2891139
08.04.2012 00:00:00	221.1208361
09.04.2012 00:00:00	561.968425
10.04.2012 00:00:00	180.5131944
11.04.2012 00:00:00	392.7969444
12.04.2012 00:00:00	207.5021528
13.04.2012 00:00:00	424.4094167
14.04.2012 00:00:00	506.1982944
15.04.2012 00:00:00	78.6529139
16.04.2012 00:00:00	148.8287778
17.04.2012 00:00:00	376.7021528
18.04.2012 00:00:00	542.0944722
19.04.2012 00:00:00	308.7894722
20.04.2012 00:00:00	300.1068056
21.04.2012 00:00:00	389.5525694
22.04.2012 00:00:00	294.0514167
23.04.2012 00:00:00	462.2935556
24.04.2012 00:00:00	312.3034868
25.04.2012 00:00:00	444.1389021
26.04.2012 00:00:00	582.1246528
27.04.2012 00:00:00	573.1389167
28.04.2012 00:00:00	584.736625
29.04.2012 00:00:00	487.9721111
30.04.2012 00:00:00	581.7106806
01.05.2012 00:00:00	566.5299306
02.05.2012 00:00:00	409.1852778
03.05.2012 00:00:00	372.1555278
04.05.2012 00:00:00	532.3594444
05.05.2012 00:00:00	395.8633194
06.05.2012 00:00:00	296.0362917
07.05.2012 00:00:00	337.7704722
08.05.2012 00:00:00	479.7815694
09.05.2012 00:00:00	574.3679583
10.05.2012 00:00:00	718.7282917
11.05.2012 00:00:00	575.2735556
12.05.2012 00:00:00	194.1916806
13.05.2012 00:00:00	263.1751667
14.05.2012 00:00:00	353.7636944
15.05.2012 00:00:00	424.0252361
16.05.2012 00:00:00	339.697
17.05.2012 00:00:00	464.4712083
18.05.2012 00:00:00	521.3151944
19.05.2012 00:00:00	579.7746996
20.05.2012 00:00:00	563.2975643
21.05.2012 00:00:00	429.869
22.05.2012 00:00:00	484.33775
23.05.2012 00:00:00	542.4755139
24.05.2012 00:00:00	624.5789444
25.05.2012 00:00:00	598.9656389
26.05.2012 00:00:00	566.9519306
27.05.2012 00:00:00	549.6547083
28.05.2012 00:00:00	345.0143333
29.05.2012 00:00:00	453.9413472
30.05.2012 00:00:00	501.8943194
31.05.2012 00:00:00	400.2672639
01.06.2012 00:00:00	304.8068333
02.06.2012 00:00:00	469.4737361
03.06.2012 00:00:00	337.2458451
04.06.2012 00:00:00	270.255891
05.06.2012 00:00:00	148.2642296
06.06.2012 00:00:00	382.8994927
07.06.2012 00:00:00	519.1838472
08.06.2012 00:00:00	365.7078194
09.06.2012 00:00:00	448.049875
10.06.2012 00:00:00	180.0257222
11.06.2012 00:00:00	363.4667257
12.06.2012 00:00:00	405.532427
13.06.2012 00:00:00	381.4217083
14.06.2012 00:00:00	166.9520972
15.06.2012 00:00:00	597.4005278
16.06.2012 00:00:00	579.2074861
17.06.2012 00:00:00	545.8067361
18.06.2012 00:00:00	562.8145139
19.06.2012 00:00:00	382.6465278
20.06.2012 00:00:00	417.8384167
21.06.2012 00:00:00	407.3381528
22.06.2012 00:00:00	567.4759583
23.06.2012 00:00:00	584.7269167
24.06.2012 00:00:00	561.9697778
25.06.2012 00:00:00	437.9547778
26.06.2012 00:00:00	438.705784
27.06.2012 00:00:00	603.4476604
28.06.2012 00:00:00	473.2088611
29.06.2012 00:00:00	594.1289167
30.06.2012 00:00:00	477.4007361
01.07.2012 00:00:00	494.4064028
02.07.2012 00:00:00	388.0091389
03.07.2012 00:00:00	251.7490833
04.07.2012 00:00:00	405.7023889
05.07.2012 00:00:00	469.0177778
06.07.2012 00:00:00	453.3109861
07.07.2012 00:00:00	331.3788472
08.07.2012 00:00:00	489.1659306
09.07.2012 00:00:00	532.7949172
10.07.2012 00:00:00	454.5287634
11.07.2012 00:00:00	458.0815139
12.07.2012 00:00:00	417.5479861
13.07.2012 00:00:00	238.6441667
14.07.2012 00:00:00	320.605375
15.07.2012 00:00:00	424.742966
16.07.2012 00:00:00	212.2406729
17.07.2012 00:00:00	358.0355972
18.07.2012 00:00:00	437.2411667
19.07.2012 00:00:00	402.5064861
20.07.2012 00:00:00	294.1420417
21.07.2012 00:00:00	304.6410833
22.07.2012 00:00:00	265.9962083
23.07.2012 00:00:00	564.5873018
24.07.2012 00:00:00	573.8102262
25.07.2012 00:00:00	170.5203331
26.07.2012 00:00:00	515.5573233
27.07.2012 00:00:00	556.8363156
28.07.2012 00:00:00	456.4531389
29.07.2012 00:00:00	371.0062083
30.07.2012 00:00:00	494.1807917
31.07.2012 00:00:00	427.7915278
01.08.2012 00:00:00	524.3803333
02.08.2012 00:00:00	560.5207083
03.08.2012 00:00:00	349.2479028
04.08.2012 00:00:00	444.6652361
05.08.2012 00:00:00	485.0567361
06.08.2012 00:00:00	386.00925
07.08.2012 00:00:00	430.2009722
08.08.2012 00:00:00	394.5106944
09.08.2012 00:00:00	343.8173611
10.08.2012 00:00:00	332.8615417
11.08.2012 00:00:00	272.8619722
12.08.2012 00:00:00	523.6502917
13.08.2012 00:00:00	506.0636528
14.08.2012 00:00:00	551.7579444
15.08.2012 00:00:00	577.4220833
16.08.2012 00:00:00	289.9080694
17.08.2012 00:00:00	387.2791528
18.08.2012 00:00:00	536.0869722
19.08.2012 00:00:00	543.4513472
20.08.2012 00:00:00	480.9884306
21.08.2012 00:00:00	403.60425
22.08.2012 00:00:00	340.6889722
23.08.2012 00:00:00	526.5427778
24.08.2012 00:00:00	197.9613333
25.08.2012 00:00:00	418.0612917
26.08.2012 00:00:00	371.2694167
27.08.2012 00:00:00	353.6724306
28.08.2012 00:00:00	557.3128611
29.08.2012 00:00:00	428.4005972
30.08.2012 00:00:00	356.6250139
31.08.2012 00:00:00	83.54754711
01.09.2012 00:00:00	117.5133557
02.09.2012 00:00:00	230.3468333
03.09.2012 00:00:00	268.0009583
04.09.2012 00:00:00	450.0871944
05.09.2012 00:00:00	405.5259583
06.09.2012 00:00:00	317.3610556
07.09.2012 00:00:00	383.0634444
08.09.2012 00:00:00	426.1427361
09.09.2012 00:00:00	498.943619
10.09.2012 00:00:00	473.3201588
11.09.2012 00:00:00	454.1216426
12.09.2012 00:00:00	53.29957964
13.09.2012 00:00:00	248.9538889
14.09.2012 00:00:00	462.7583889
15.09.2012 00:00:00	222.2562639
16.09.2012 00:00:00	463.1509722
17.09.2012 00:00:00	363.8615833
18.09.2012 00:00:00	417.5238056
19.09.2012 00:00:00	181.0684722
20.09.2012 00:00:00	406.2823889
21.09.2012 00:00:00	362.5117361
22.09.2012 00:00:00	263.3394861
23.09.2012 00:00:00	322.4346944
24.09.2012 00:00:00	235.3810694
25.09.2012 00:00:00	433.8465833
26.09.2012 00:00:00	337.386625
27.09.2012 00:00:00	278.2327083
28.09.2012 00:00:00	257.7219191
29.09.2012 00:00:00	226.9371642
30.09.2012 00:00:00	414.1041689
01.10.2012 00:00:00	113.7687617
02.10.2012 00:00:00	220.9667361
03.10.2012 00:00:00	351.1687639
04.10.2012 00:00:00	130.179
05.10.2012 00:00:00	31.16458333
06.10.2012 00:00:00	258.5008611
07.10.2012 00:00:00	91.84766667
08.10.2012 00:00:00	286.4998333
09.10.2012 00:00:00	232.1057222
10.10.2012 00:00:00	262.5389873
11.10.2012 00:00:00	317.3315544
12.10.2012 00:00:00	121.869625
13.10.2012 00:00:00	377.875375
14.10.2012 00:00:00	152.3788472
15.10.2012 00:00:00	82.49497222
16.10.2012 00:00:00	106.9601655
17.10.2012 00:00:00	368.7573345
18.10.2012 00:00:00	190.0454028
19.10.2012 00:00:00	61.99732853
20.10.2012 00:00:00	34.83565758
21.10.2012 00:00:00	18.90829167
22.10.2012 00:00:00	25.91431944
23.10.2012 00:00:00	32.08627778
24.10.2012 00:00:00	12.42577778
25.10.2012 00:00:00	60.77106944
26.10.2012 00:00:00	64.79595833
27.10.2012 00:00:00	0
28.10.2012 00:00:00	20.91312408
29.10.2012 00:00:00	41.57066667
30.10.2012 00:00:00	52.94605556
31.10.2012 00:00:00	320.5065833
01.11.2012 00:00:00	31.52820833
02.11.2012 00:00:00	145.1937917
03.11.2012 00:00:00	104.9404306
04.11.2012 00:00:00	88.92365278
05.11.2012 00:00:00	77.48386111
06.11.2012 00:00:00	194.6192639
07.11.2012 00:00:00	60.95773611
08.11.2012 00:00:00	74.60776389
09.11.2012 00:00:00	108.4077222
10.11.2012 00:00:00	133.4706389
11.11.2012 00:00:00	24.0889216
12.11.2012 00:00:00	30.41900895
13.11.2012 00:00:00	177.1027742
14.11.2012 00:00:00	189.5880592
15.11.2012 00:00:00	31.67247222
16.11.2012 00:00:00	18.10891667
17.11.2012 00:00:00	22.50530556
18.11.2012 00:00:00	45.65044444
19.11.2012 00:00:00	108.5236111
20.11.2012 00:00:00	41.34293056
21.11.2012 00:00:00	14.81268056
22.11.2012 00:00:00	56.80336111
23.11.2012 00:00:00	51.715
24.11.2012 00:00:00	140.7413333
25.11.2012 00:00:00	69.17961111
26.11.2012 00:00:00	62.01465278
27.11.2012 00:00:00	4.868312339
28.11.2012 00:00:00	9.914118217
29.11.2012 00:00:00	12.97358333
30.11.2012 00:00:00	50.02180556
01.12.2012 00:00:00	147.0622932
02.12.2012 00:00:00	63.14788732
03.12.2012 00:00:00	69.79549802
04.12.2012 00:00:00	29.7213631
05.12.2012 00:00:00	53.68492163
06.12.2012 00:00:00	75.12795337
07.12.2012 00:00:00	130.8001016
08.12.2012 00:00:00	111.1778012
09.12.2012 00:00:00	103.2643445
10.12.2012 00:00:00	9.993419435
11.12.2012 00:00:00	0
12.12.2012 00:00:00	1.622930048
13.12.2012 00:00:00	1.561711056
14.12.2012 00:00:00	5.651525563
15.12.2012 00:00:00	0
16.12.2012 00:00:00	59.76981163
17.12.2012 00:00:00	14.531125
18.12.2012 00:00:00	19.59294237
19.12.2012 00:00:00	56.90981017
20.12.2012 00:00:00	7.810298311
21.12.2012 00:00:00	1.137089286
22.12.2012 00:00:00	16.92287375
23.12.2012 00:00:00	0.535430556
24.12.2012 00:00:00	55.96980556
25.12.2012 00:00:00	60.25890033
26.12.2012 00:00:00	35.81494689
27.12.2012 00:00:00	52.105
28.12.2012 00:00:00	65.88725
29.12.2012 00:00:00	84.2236393
30.12.2012 00:00:00	32.78293854
31.12.2012 00:00:00	81.52575549
01.01.2013 00:00:00	77.58106944
02.01.2013 00:00:00	91.43944444
03.01.2013 00:00:00	23.07282987
04.01.2013 00:00:00	41.95903124
05.01.2013 00:00:00	23.02918056
06.01.2013 00:00:00	17.55180556
07.01.2013 00:00:00	31.976875
08.01.2013 00:00:00	18.08497222
09.01.2013 00:00:00	22.88470833
10.01.2013 00:00:00	11.8644444
11.01.2013 00:00:00	33.19232683
12.01.2013 00:00:00	108.9369232
13.01.2013 00:00:00	20.35861111
14.01.2013 00:00:00	0.108569444
15.01.2013 00:00:00	0
16.01.2013 00:00:00	0
17.01.2013 00:00:00	0
18.01.2013 00:00:00	0
19.01.2013 00:00:00	0
20.01.2013 00:00:00	0
21.01.2013 00:00:00	0
22.01.2013 00:00:00	0
23.01.2013 00:00:00	0
24.01.2013 00:00:00	0
25.01.2013 00:00:00	0
26.01.2013 00:00:00	0
27.01.2013 00:00:00	0
28.01.2013 00:00:00	0
29.01.2013 00:00:00	15.57503562
30.01.2013 00:00:00	60.46652778
31.01.2013 00:00:00	147.7582083
01.02.2013 00:00:00	75.18188889
02.02.2013 00:00:00	109.606989
03.02.2013 00:00:00	205.0413999
04.02.2013 00:00:00	50.73606944
05.02.2013 00:00:00	60.60536111
06.02.2013 00:00:00	250.0713611
07.02.2013 00:00:00	126.9910833
08.02.2013 00:00:00	166.1561528
09.02.2013 00:00:00	140.8180694
10.02.2013 00:00:00	201.21475
11.02.2013 00:00:00	21.01997222
12.02.2013 00:00:00	0.787074935
13.02.2013 00:00:00	0
14.02.2013 00:00:00	0
15.02.2013 00:00:00	1.215136527
16.02.2013 00:00:00	5.523233536
17.02.2013 00:00:00	35.2901082
18.02.2013 00:00:00	62.91746124
19.02.2013 00:00:00	3.678897748
20.02.2013 00:00:00	71.57374114
21.02.2013 00:00:00	75.9268481
22.02.2013 00:00:00	66.33858204
23.02.2013 00:00:00	0
24.02.2013 00:00:00	0
25.02.2013 00:00:00	0
26.02.2013 00:00:00	63.059875
27.02.2013 00:00:00	50.27068951
28.02.2013 00:00:00	71.15308827
01.03.2013 00:00:00	74.94981921
02.03.2013 00:00:00	354.6834405
03.03.2013 00:00:00	132.3572676
04.03.2013 00:00:00	452.76082
05.03.2013 00:00:00	454.7908056
06.03.2013 00:00:00	401.9683472
07.03.2013 00:00:00	130.8855
08.03.2013 00:00:00	43.93884713
09.03.2013 00:00:00	33.30512509
10.03.2013 00:00:00	209.7391111
11.03.2013 00:00:00	60.92955556
12.03.2013 00:00:00	28.92384067
13.03.2013 00:00:00	4.141478359
14.03.2013 00:00:00	258.8969726
15.03.2013 00:00:00	324.0036043
16.03.2013 00:00:00	491.4803735
17.03.2013 00:00:00	469.88705
18.03.2013 00:00:00	175.3860143
19.03.2013 00:00:00	11.30762546
20.03.2013 00:00:00	418.5594212
21.03.2013 00:00:00	138.1645779
22.03.2013 00:00:00	162.815125
23.03.2013 00:00:00	485.5746111
24.03.2013 00:00:00	463.4494467
25.03.2013 00:00:00	255.8888728
26.03.2013 00:00:00	166.0450556
27.03.2013 00:00:00	150.1543472
28.03.2013 00:00:00	119.431625
29.03.2013 00:00:00	288.48175
30.03.2013 00:00:00	315.398125
31.03.2013 00:00:00	126.4693611
01.04.2013 00:00:00	249.3782083
02.04.2013 00:00:00	188.631875
03.04.2013 00:00:00	148.7620556
04.04.2013 00:00:00	126.0972867
05.04.2013 00:00:00	62.0542966
06.04.2013 00:00:00	93.60968056
07.04.2013 00:00:00	160.0293333
08.04.2013 00:00:00	391.1472222
09.04.2013 00:00:00	265.5517361
10.04.2013 00:00:00	267.1105139
11.04.2013 00:00:00	240.2335278
12.04.2013 00:00:00	273.1164444
13.04.2013 00:00:00	341.084125
14.04.2013 00:00:00	312.5669861
15.04.2013 00:00:00	549.3504444
16.04.2013 00:00:00	444.67975
17.04.2013 00:00:00	364.002462
18.04.2013 00:00:00	430.6638436
19.04.2013 00:00:00	172.4790833
20.04.2013 00:00:00	143.4350694
21.04.2013 00:00:00	516.7529861
22.04.2013 00:00:00	446.375625
23.04.2013 00:00:00	418.4503056
24.04.2013 00:00:00	443.8671944
25.04.2013 00:00:00	451.5550556
26.04.2013 00:00:00	475.8415694
27.04.2013 00:00:00	343.9768472
28.04.2013 00:00:00	178.3535556
29.04.2013 00:00:00	132.9163194
30.04.2013 00:00:00	292.2024028
01.05.2013 00:00:00	153.6223889
02.05.2013 00:00:00	231.3703361
03.05.2013 00:00:00	141.0972194
04.05.2013 00:00:00	318.863603
05.05.2013 00:00:00	311.3942859
06.05.2013 00:00:00	241.070125
07.05.2013 00:00:00	288.5219444
08.05.2013 00:00:00	367.5796693
09.05.2013 00:00:00	347.8697196
10.05.2013 00:00:00	92.70776389
11.05.2013 00:00:00	158.9393909
12.05.2013 00:00:00	461.0665813
13.05.2013 00:00:00	479.9640417
14.05.2013 00:00:00	420.4012917
15.05.2013 00:00:00	640.5089167
16.05.2013 00:00:00	551.03025
17.05.2013 00:00:00	461.5540417
18.05.2013 00:00:00	441.2567639
19.05.2013 00:00:00	636.1331111
20.05.2013 00:00:00	472.2302222
21.05.2013 00:00:00	557.0238472
22.05.2013 00:00:00	287.3460417
23.05.2013 00:00:00	272.2316806
24.05.2013 00:00:00	330.1896944
25.05.2013 00:00:00	283.3585972
26.05.2013 00:00:00	269.8964722
27.05.2013 00:00:00	283.3951389
28.05.2013 00:00:00	472.7915
29.05.2013 00:00:00	288.1701944
30.05.2013 00:00:00	104.0083611
31.05.2013 00:00:00	191.7304306
01.06.2013 00:00:00	72.12248611
02.06.2013 00:00:00	110.8331944
03.06.2013 00:00:00	66.138875
04.06.2013 00:00:00	371.4246389
05.06.2013 00:00:00	474.8708194
06.06.2013 00:00:00	293.7856359
07.06.2013 00:00:00	571.733
08.06.2013 00:00:00	513.1719891
09.06.2013 00:00:00	394.9968611
10.06.2013 00:00:00	103.1541806
11.06.2013 00:00:00	647.4724861
12.06.2013 00:00:00	581.5180556
13.06.2013 00:00:00	575.5471389
14.06.2013 00:00:00	463.0313056
15.06.2013 00:00:00	485.2196944
16.06.2013 00:00:00	533.9485278
17.06.2013 00:00:00	577.3604306
18.06.2013 00:00:00	553.3877361
19.06.2013 00:00:00	566.0628194
20.06.2013 00:00:00	520.4527222
21.06.2013 00:00:00	620.1369306
22.06.2013 00:00:00	522.2061667
23.06.2013 00:00:00	426.42125
24.06.2013 00:00:00	142.4420139
25.06.2013 00:00:00	174.6753056
26.06.2013 00:00:00	221.9202361
27.06.2013 00:00:00	311.2500972
28.06.2013 00:00:00	429.9874583
29.06.2013 00:00:00	385.7159167
30.06.2013 00:00:00	505.9483056
01.07.2013 00:00:00	578.1271229
02.07.2013 00:00:00	540.0410157
03.07.2013 00:00:00	302.2702086
04.07.2013 00:00:00	383.843375
05.07.2013 00:00:00	294.5028272
06.07.2013 00:00:00	403.6728256
07.07.2013 00:00:00	584.3511969
08.07.2013 00:00:00	485.2570809
09.07.2013 00:00:00	599.3666667
10.07.2013 00:00:00	593.0384854
11.07.2013 00:00:00	235.5442924
12.07.2013 00:00:00	385.55925
13.07.2013 00:00:00	494.8921389
14.07.2013 00:00:00	582.3434306
15.07.2013 00:00:00	477.3076389
16.07.2013 00:00:00	579.7952361
17.07.2013 00:00:00	584.0547639
18.07.2013 00:00:00	534.6599167
19.07.2013 00:00:00	576.5486667
20.07.2013 00:00:00	484.1351944
21.07.2013 00:00:00	619.0978611
22.07.2013 00:00:00	562.1936528
23.07.2013 00:00:00	520.4295826
24.07.2013 00:00:00	546.4546813
25.07.2013 00:00:00	360.8577222
26.07.2013 00:00:00	533.3858333
27.07.2013 00:00:00	510.8831667
28.07.2013 00:00:00	580.2288611
29.07.2013 00:00:00	453.3731667
30.07.2013 00:00:00	375.3601389
31.07.2013 00:00:00	354.3682422
01.08.2013 00:00:00	473.3777754
02.08.2013 00:00:00	578.3657325
03.08.2013 00:00:00	529.1507083
04.08.2013 00:00:00	464.4495
05.08.2013 00:00:00	561.5787917
06.08.2013 00:00:00	465.7248333
07.08.2013 00:00:00	548.7864028
08.08.2013 00:00:00	366.1209583
09.08.2013 00:00:00	185.3700278
10.08.2013 00:00:00	429.2546111
11.08.2013 00:00:00	383.0419444
12.08.2013 00:00:00	431.0023702
13.08.2013 00:00:00	391.1674215
14.08.2013 00:00:00	498.9466528
15.08.2013 00:00:00	465.7322917
16.08.2013 00:00:00	563.4252798
17.08.2013 00:00:00	530.8264932
18.08.2013 00:00:00	444.7148243
19.08.2013 00:00:00	134.592
20.08.2013 00:00:00	140.2015417
21.08.2013 00:00:00	519.8726944
22.08.2013 00:00:00	474.7945556
23.08.2013 00:00:00	442.0930694
24.08.2013 00:00:00	464.2681389
25.08.2013 00:00:00	43.83609722
26.08.2013 00:00:00	96.54838889
27.08.2013 00:00:00	162.7809167
28.08.2013 00:00:00	240.4134444
29.08.2013 00:00:00	451.2029583
30.08.2013 00:00:00	447.3261667
31.08.2013 00:00:00	426.7055694
01.09.2013 00:00:00	387.8961111
02.09.2013 00:00:00	302.4076389
03.09.2013 00:00:00	274.7648284
04.09.2013 00:00:00	431.7516577
05.09.2013 00:00:00	457.2487083
06.09.2013 00:00:00	532.3277778
07.09.2013 00:00:00	517.3550694
08.09.2013 00:00:00	414.6352083
09.09.2013 00:00:00	263.2091806
10.09.2013 00:00:00	198.5904722
11.09.2013 00:00:00	253.5043194
12.09.2013 00:00:00	181.8638333
13.09.2013 00:00:00	209.843375
14.09.2013 00:00:00	380.134
15.09.2013 00:00:00	186.3538889
16.09.2013 00:00:00	98.97056944
17.09.2013 00:00:00	217.1743472
18.09.2013 00:00:00	103.0060833
19.09.2013 00:00:00	264.8162361
20.09.2013 00:00:00	135.2778911
21.09.2013 00:00:00	183.4034839
22.09.2013 00:00:00	225.9987361
23.09.2013 00:00:00	95.04220833
24.09.2013 00:00:00	166.7482222
25.09.2013 00:00:00	245.2491111
26.09.2013 00:00:00	189.7406111
27.09.2013 00:00:00	325.1873708
28.09.2013 00:00:00	437.6587959
29.09.2013 00:00:00	470.9049583
30.09.2013 00:00:00	406.7933546
01.10.2013 00:00:00	378.155821
02.10.2013 00:00:00	382.5827844
03.10.2013 00:00:00	418.6542718
04.10.2013 00:00:00	335.0641203
05.10.2013 00:00:00	342.2834616
06.10.2013 00:00:00	248.491742
07.10.2013 00:00:00	82.89163289
08.10.2013 00:00:00	260.3855823
09.10.2013 00:00:00	76.29156255
10.10.2013 00:00:00	203.6662513
11.10.2013 00:00:00	9.008262597
12.10.2013 00:00:00	56.09737786
13.10.2013 00:00:00	322.3734416
14.10.2013 00:00:00	291.4008333
15.10.2013 00:00:00	122.9014722
16.10.2013 00:00:00	160.7939306
17.10.2013 00:00:00	182.7410833
18.10.2013 00:00:00	77.52191667
19.10.2013 00:00:00	333.972625
20.10.2013 00:00:00	235.6106394
21.10.2013 00:00:00	223.6271353
22.10.2013 00:00:00	229.2393364
23.10.2013 00:00:00	130.1250556
24.10.2013 00:00:00	262.0269722
25.10.2013 00:00:00	99.75123611
26.10.2013 00:00:00	249.7472351
27.10.2013 00:00:00	99.45244541
28.10.2013 00:00:00	167.4681111
29.10.2013 00:00:00	87.35456944
30.10.2013 00:00:00	194.0377222
31.10.2013 00:00:00	303.9714669
01.11.2013 00:00:00	121.7215192
02.11.2013 00:00:00	58.20437984
03.11.2013 00:00:00	22.1788146
04.11.2013 00:00:00	150.4153611
05.11.2013 00:00:00	101.9338365
06.11.2013 00:00:00	100.0652607
07.11.2013 00:00:00	109.9510972
08.11.2013 00:00:00	97.47486111
09.11.2013 00:00:00	37.04559722
10.11.2013 00:00:00	92.19368056
11.11.2013 00:00:00	49.12082872
12.11.2013 00:00:00	227.8150046
13.11.2013 00:00:00	23.22707895
14.11.2013 00:00:00	36.04839886
15.11.2013 00:00:00	32.66713331
16.11.2013 00:00:00	151.991
17.11.2013 00:00:00	13.28555556
18.11.2013 00:00:00	2.52223325
19.11.2013 00:00:00	13.94257231
20.11.2013 00:00:00	14.95002778
21.11.2013 00:00:00	7.217541667
22.11.2013 00:00:00	41.62747222
23.11.2013 00:00:00	50.05851389
24.11.2013 00:00:00	15.81666667
25.11.2013 00:00:00	89.28668965
26.11.2013 00:00:00	111.4571992
27.11.2013 00:00:00	158.9111155
28.11.2013 00:00:00	30.2059817
29.11.2013 00:00:00	30.97216667
30.11.2013 00:00:00	60.45090015
01.12.2013 00:00:00	56.36815541
02.12.2013 00:00:00	133.9479227
03.12.2013 00:00:00	94.7220191
04.12.2013 00:00:00	20.88715927
05.12.2013 00:00:00	66.81839891
06.12.2013 00:00:00	70.21809722
07.12.2013 00:00:00	18.25018056
08.12.2013 00:00:00	51.18572222
09.12.2013 00:00:00	15.93054167
10.12.2013 00:00:00	34.07515278
11.12.2013 00:00:00	11.28356944
12.12.2013 00:00:00	8.505365495
13.12.2013 00:00:00	10.79531506
14.12.2013 00:00:00	11.66255556
15.12.2013 00:00:00	59.18261111
16.12.2013 00:00:00	94.09338409
17.12.2013 00:00:00	96.85007424
18.12.2013 00:00:00	16.875
19.12.2013 00:00:00	29.30825
20.12.2013 00:00:00	20.03027778
21.12.2013 00:00:00	67.21031944
22.12.2013 00:00:00	21.29597222
23.12.2013 00:00:00	55.40670833
24.12.2013 00:00:00	0
25.12.2013 00:00:00	0
26.12.2013 00:00:00	72.98942645
27.12.2013 00:00:00	95.09536111
28.12.2013 00:00:00	45.29739046
29.12.2013 00:00:00	55.41499843
30.12.2013 00:00:00	111.764625
31.12.2013 00:00:00	23.91720833
01.01.2014 00:00:00	26.76018056
02.01.2014 00:00:00	19.05258333
03.01.2014 00:00:00	81.9671148
04.01.2014 00:00:00	33.24898593
05.01.2014 00:00:00	32.96284372
06.01.2014 00:00:00	121.8755525
07.01.2014 00:00:00	85.82232248
08.01.2014 00:00:00	92.49781944
09.01.2014 00:00:00	52.950875
10.01.2014 00:00:00	101.7335833
11.01.2014 00:00:00	76.56920833
12.01.2014 00:00:00	138.3765408
13.01.2014 00:00:00	124.9101398
14.01.2014 00:00:00	11.8455
15.01.2014 00:00:00	40.57568056
16.01.2014 00:00:00	59.7739342
17.01.2014 00:00:00	25.93575166
18.01.2014 00:00:00	25.10762994
19.01.2014 00:00:00	27.66923976
20.01.2014 00:00:00	3.674419205
21.01.2014 00:00:00	0
22.01.2014 00:00:00	0
23.01.2014 00:00:00	0
24.01.2014 00:00:00	0
25.01.2014 00:00:00	7.675055556
26.01.2014 00:00:00	1.679285622
27.01.2014 00:00:00	0
28.01.2014 00:00:00	0
29.01.2014 00:00:00	0
30.01.2014 00:00:00	0
31.01.2014 00:00:00	16.64561111
01.02.2014 00:00:00	178.0466146
02.02.2014 00:00:00	10.13934372
03.02.2014 00:00:00	73.88428115
04.02.2014 00:00:00	166.784205
05.02.2014 00:00:00	46.27240758
06.02.2014 00:00:00	211.8520646
07.02.2014 00:00:00	143.713625
08.02.2014 00:00:00	259.5175417
09.02.2014 00:00:00	59.53466667
10.02.2014 00:00:00	197.3719861
11.02.2014 00:00:00	134.4734722
12.02.2014 00:00:00	226.9306071
13.02.2014 00:00:00	214.5151012
14.02.2014 00:00:00	370.6323889
15.02.2014 00:00:00	118.8919583
16.02.2014 00:00:00	32.00915278
17.02.2014 00:00:00	314.1216667
18.02.2014 00:00:00	157.0308709
19.02.2014 00:00:00	106.2693513
20.02.2014 00:00:00	180.9017083
21.02.2014 00:00:00	166.8237361
22.02.2014 00:00:00	209.0600694
23.02.2014 00:00:00	308.4187778
24.02.2014 00:00:00	391.2408194
25.02.2014 00:00:00	227.2490139
26.02.2014 00:00:00	90.75868056
27.02.2014 00:00:00	369.3857943
28.02.2014 00:00:00	190.7792734
01.03.2014 00:00:00	45.57784888
02.03.2014 00:00:00	0
03.03.2014 00:00:00	210.8963859
04.03.2014 00:00:00	92.64148496
05.03.2014 00:00:00	175.5488547
06.03.2014 00:00:00	128.7969966
07.03.2014 00:00:00	321.4712084
08.03.2014 00:00:00	379.839375
09.03.2014 00:00:00	402.8479167
10.03.2014 00:00:00	447.7779861
11.03.2014 00:00:00	448.0900139
12.03.2014 00:00:00	451.0991111
13.03.2014 00:00:00	430.554375
14.03.2014 00:00:00	421.389625
15.03.2014 00:00:00	114.4589225
16.03.2014 00:00:00	59.8664247
17.03.2014 00:00:00	70.97130556
18.03.2014 00:00:00	209.8999167
19.03.2014 00:00:00	175.4925
20.03.2014 00:00:00	504.4800139
21.03.2014 00:00:00	468.8331111
22.03.2014 00:00:00	345.1964722
23.03.2014 00:00:00	72.08727299
24.03.2014 00:00:00	158.832352
25.03.2014 00:00:00	282.8924998
26.03.2014 00:00:00	348.4062086
27.03.2014 00:00:00	409.8593056
28.03.2014 00:00:00	241.6809956
29.03.2014 00:00:00	446.1044809
30.03.2014 00:00:00	486.7250096
31.03.2014 00:00:00	259.8835833
01.04.2014 00:00:00	348.3628194
02.04.2014 00:00:00	453.7397361
03.04.2014 00:00:00	369.0872917
04.04.2014 00:00:00	455.7378333
05.04.2014 00:00:00	167.4086944
06.04.2014 00:00:00	278.1442361
07.04.2014 00:00:00	434.8349306
08.04.2014 00:00:00	229.0429028
09.04.2014 00:00:00	244.1708333
10.04.2014 00:00:00	167.9204728
11.04.2014 00:00:00	509.5216399
12.04.2014 00:00:00	382.5328934
13.04.2014 00:00:00	331.8116051
14.04.2014 00:00:00	268.5509722
15.04.2014 00:00:00	297.5256667
16.04.2014 00:00:00	357.2083889
17.04.2014 00:00:00	607.7288396
18.04.2014 00:00:00	161.184233
19.04.2014 00:00:00	519.8368996
20.04.2014 00:00:00	466.2213194
21.04.2014 00:00:00	223.6742778
22.04.2014 00:00:00	292.4891389
23.04.2014 00:00:00	540.4959306
24.04.2014 00:00:00	482.806125
25.04.2014 00:00:00	397.3742766
26.04.2014 00:00:00	550.7381678
27.04.2014 00:00:00	338.7604444
28.04.2014 00:00:00	242.4980139
29.04.2014 00:00:00	242.7459306
30.04.2014 00:00:00	510.3971389
01.05.2014 00:00:00	366.3746806
02.05.2014 00:00:00	335.1361629
03.05.2014 00:00:00	87.41448985
04.05.2014 00:00:00	493.51725
05.05.2014 00:00:00	536.1904861
06.05.2014 00:00:00	501.6776806
07.05.2014 00:00:00	101.54175
08.05.2014 00:00:00	395.9388889
09.05.2014 00:00:00	492.9461667
10.05.2014 00:00:00	514.823
11.05.2014 00:00:00	392.8476806
12.05.2014 00:00:00	489.0075703
13.05.2014 00:00:00	324.8374436
14.05.2014 00:00:00	391.8112896
15.05.2014 00:00:00	372.6653354
16.05.2014 00:00:00	167.1473194
17.05.2014 00:00:00	100.0300278
18.05.2014 00:00:00	131.3811667
19.05.2014 00:00:00	548.3766667
20.05.2014 00:00:00	588.80675
21.05.2014 00:00:00	596.4419444
22.05.2014 00:00:00	589.2275972
23.05.2014 00:00:00	393.203343
24.05.2014 00:00:00	268.9778147
25.05.2014 00:00:00	633.4662451
26.05.2014 00:00:00	609.7995278
27.05.2014 00:00:00	270.9284444
28.05.2014 00:00:00	238.518625
29.05.2014 00:00:00	121.8318611
30.05.2014 00:00:00	445.0144081
31.05.2014 00:00:00	617.8933526
01.06.2014 00:00:00	632.3333198
02.06.2014 00:00:00	564.1299335
03.06.2014 00:00:00	371.3097222
04.06.2014 00:00:00	547.0865648
05.06.2014 00:00:00	531.4736296
06.06.2014 00:00:00	597.5559028
07.06.2014 00:00:00	624.3142186
08.06.2014 00:00:00	609.8700453
09.06.2014 00:00:00	603.1107361
10.06.2014 00:00:00	608.2274306
11.06.2014 00:00:00	447.0325278
12.06.2014 00:00:00	528.6848056
13.06.2014 00:00:00	578.3445972
14.06.2014 00:00:00	414.5296501
15.06.2014 00:00:00	447.2686931
16.06.2014 00:00:00	414.2409484
17.06.2014 00:00:00	492.408625
18.06.2014 00:00:00	601.5884028
19.06.2014 00:00:00	567.8389094
20.06.2014 00:00:00	322.205276
21.06.2014 00:00:00	297.9925509
22.06.2014 00:00:00	287.0680519
23.06.2014 00:00:00	516.4997674
24.06.2014 00:00:00	509.6331806
25.06.2014 00:00:00	261.5042222
26.06.2014 00:00:00	431.9691667
27.06.2014 00:00:00	465.3781528
28.06.2014 00:00:00	420.7147778
29.06.2014 00:00:00	139.1719824
30.06.2014 00:00:00	336.2742815
01.07.2014 00:00:00	341.9692779
02.07.2014 00:00:00	409.1683054
03.07.2014 00:00:00	617.270125
04.07.2014 00:00:00	588.8851244
05.07.2014 00:00:00	371.6837367
06.07.2014 00:00:00	460.3246389
07.07.2014 00:00:00	507.5014583
08.07.2014 00:00:00	168.6090417
09.07.2014 00:00:00	335.4925556
10.07.2014 00:00:00	106.1353194
11.07.2014 00:00:00	308.857
12.07.2014 00:00:00	570.9251686
13.07.2014 00:00:00	450.0229426
14.07.2014 00:00:00	459.072625
15.07.2014 00:00:00	368.8393519
16.07.2014 00:00:00	426.3534685
17.07.2014 00:00:00	346.2365545
18.07.2014 00:00:00	542.3786389
19.07.2014 00:00:00	563.3675417
20.07.2014 00:00:00	560.1178333
21.07.2014 00:00:00	347.81975
22.07.2014 00:00:00	431.2267083
23.07.2014 00:00:00	511.1008472
24.07.2014 00:00:00	316.8535278
25.07.2014 00:00:00	497.7406465
26.07.2014 00:00:00	490.4495757
27.07.2014 00:00:00	456.2265972
28.07.2014 00:00:00	322.633
29.07.2014 00:00:00	281.3431528
30.07.2014 00:00:00	305.9099167
31.07.2014 00:00:00	289.7144974
01.08.2014 00:00:00	404.5668637
02.08.2014 00:00:00	435.1039306
03.08.2014 00:00:00	528.2839651
04.08.2014 00:00:00	179.8450627
05.08.2014 00:00:00	303.0164861
06.08.2014 00:00:00	339.2674306
07.08.2014 00:00:00	330.7828611
08.08.2014 00:00:00	525.1878889
09.08.2014 00:00:00	348.6398611
10.08.2014 00:00:00	532.0967917
11.08.2014 00:00:00	116.6558785
12.08.2014 00:00:00	339.161316
13.08.2014 00:00:00	157.7215278
14.08.2014 00:00:00	222.0847054
15.08.2014 00:00:00	387.100378
16.08.2014 00:00:00	312.2823194
17.08.2014 00:00:00	350.8045773
18.08.2014 00:00:00	289.7025754
19.08.2014 00:00:00	421.4393889
20.08.2014 00:00:00	449.1520972
21.08.2014 00:00:00	396.1624028
22.08.2014 00:00:00	279.5165241
23.08.2014 00:00:00	275.3699064
24.08.2014 00:00:00	0
25.08.2014 00:00:00	516.1574834
26.08.2014 00:00:00	104.3031024
27.08.2014 00:00:00	401.7508307
28.08.2014 00:00:00	404.4509585
29.08.2014 00:00:00	204.1584722
30.08.2014 00:00:00	309.2415139
31.08.2014 00:00:00	126.9989028
01.09.2014 00:00:00	96.09170247
02.09.2014 00:00:00	65.9939366
03.09.2014 00:00:00	182.7684642
04.09.2014 00:00:00	304.6491467
05.09.2014 00:00:00	358.0764444
06.09.2014 00:00:00	380.8632222
07.09.2014 00:00:00	341.4418472
08.09.2014 00:00:00	333.3380945
09.09.2014 00:00:00	272.2798917
10.09.2014 00:00:00	149.9057917
11.09.2014 00:00:00	113.3289722
12.09.2014 00:00:00	30.69394426
13.09.2014 00:00:00	182.9498335
14.09.2014 00:00:00	54.64499848
15.09.2014 00:00:00	276.8507654
16.09.2014 00:00:00	242.5702022
17.09.2014 00:00:00	386.3636045
18.09.2014 00:00:00	278.8500127
19.09.2014 00:00:00	286.3224028
20.09.2014 00:00:00	227.0893194
21.09.2014 00:00:00	221.2045833
22.09.2014 00:00:00	258.1726111
23.09.2014 00:00:00	175.7741675
24.09.2014 00:00:00	374.17517
25.09.2014 00:00:00	188.733927
26.09.2014 00:00:00	73.76666584
27.09.2014 00:00:00	296.0090696
28.09.2014 00:00:00	375.5368611
29.09.2014 00:00:00	373.2459167
30.09.2014 00:00:00	134.8236783
01.10.2014 00:00:00	146.2534672
02.10.2014 00:00:00	262.8131481
03.10.2014 00:00:00	254.3492022
04.10.2014 00:00:00	174.9768654
05.10.2014 00:00:00	74.7011292
06.10.2014 00:00:00	198.1933014
07.10.2014 00:00:00	229.196625
08.10.2014 00:00:00	424.6986389
09.10.2014 00:00:00	539.1276389
10.10.2014 00:00:00	96.11268056
11.10.2014 00:00:00	43.18373611
12.10.2014 00:00:00	266.5691322
13.10.2014 00:00:00	118.2279094
14.10.2014 00:00:00	191.6844583
15.10.2014 00:00:00	130.5530694
16.10.2014 00:00:00	190.8255417
17.10.2014 00:00:00	61.07741667
18.10.2014 00:00:00	276.0840278
19.10.2014 00:00:00	193.0525417
20.10.2014 00:00:00	62.33825
21.10.2014 00:00:00	239.03625
22.10.2014 00:00:00	31.27474589
23.10.2014 00:00:00	42.89462911
24.10.2014 00:00:00	72.71908333
25.10.2014 00:00:00	33.23349779
26.10.2014 00:00:00	96.33997444
27.10.2014 00:00:00	130.3473839
28.10.2014 00:00:00	223.5193939
29.10.2014 00:00:00	50.76858333
30.10.2014 00:00:00	62.99477778
31.10.2014 00:00:00	65.00075
01.11.2014 00:00:00	137.7803761
02.11.2014 00:00:00	42.44623505
03.11.2014 00:00:00	76.78280556
04.11.2014 00:00:00	153.2796111
05.11.2014 00:00:00	54.79573611
06.11.2014 00:00:00	14.18892013
07.11.2014 00:00:00	30.78244421
08.11.2014 00:00:00	177.6550972
09.11.2014 00:00:00	23.65621945
10.11.2014 00:00:00	31.39527736
11.11.2014 00:00:00	35.42245833
12.11.2014 00:00:00	51.17430556
13.11.2014 00:00:00	16.43483333
14.11.2014 00:00:00	125.4616111
15.11.2014 00:00:00	22.85145833
16.11.2014 00:00:00	80.68792004
17.11.2014 00:00:00	16.4805383
18.11.2014 00:00:00	2.093470653
19.11.2014 00:00:00	3.073327058
20.11.2014 00:00:00	17.05662708
21.11.2014 00:00:00	15.35532171
22.11.2014 00:00:00	33.27718406
23.11.2014 00:00:00	14.59361111
24.11.2014 00:00:00	17.44219444
25.11.2014 00:00:00	28.2745
26.11.2014 00:00:00	25.14447481
27.11.2014 00:00:00	9.398719638
28.11.2014 00:00:00	0
29.11.2014 00:00:00	2.601628461
30.11.2014 00:00:00	15.78551043
01.12.2014 00:00:00	3.0665
02.12.2014 00:00:00	0
03.12.2014 00:00:00	0
04.12.2014 00:00:00	20.43106944
05.12.2014 00:00:00	1.605861111
06.12.2014 00:00:00	6.629317783
07.12.2014 00:00:00	16.86522388
08.12.2014 00:00:00	54.70902418
09.12.2014 00:00:00	72.8617536
10.12.2014 00:00:00	21.39500955
11.12.2014 00:00:00	27.903796
12.12.2014 00:00:00	29.44740278
13.12.2014 00:00:00	47.81
14.12.2014 00:00:00	23.23581824
15.12.2014 00:00:00	23.48082064
16.12.2014 00:00:00	17.32958333
17.12.2014 00:00:00	48.12333333
18.12.2014 00:00:00	23.83041667
19.12.2014 00:00:00	18.33088889
20.12.2014 00:00:00	37.200445
21.12.2014 00:00:00	47.77856889
22.12.2014 00:00:00	16.52456944
23.12.2014 00:00:00	58.41053401
24.12.2014 00:00:00	42.74560488
25.12.2014 00:00:00	62.43420833
26.12.2014 00:00:00	35.95420833
27.12.2014 00:00:00	0
28.12.2014 00:00:00	0
29.12.2014 00:00:00	0.960958333
30.12.2014 00:00:00	12.40643586
31.12.2014 00:00:00	0
01.01.2015 00:00:00	27.98831298
02.01.2015 00:00:00	10.24480186
03.01.2015 00:00:00	22.59458333
04.01.2015 00:00:00	56.24904167
05.01.2015 00:00:00	13.56060202
06.01.2015 00:00:00	26.02599059
07.01.2015 00:00:00	11.5993235
08.01.2015 00:00:00	32.02976739
09.01.2015 00:00:00	17.55926145
10.01.2015 00:00:00	36.43874949
11.01.2015 00:00:00	39.14890278
12.01.2015 00:00:00	28.06343056
13.01.2015 00:00:00	108.7207778
14.01.2015 00:00:00	69.48884722
15.01.2015 00:00:00	48.65429167
16.01.2015 00:00:00	70.83215278
17.01.2015 00:00:00	15.03833772
18.01.2015 00:00:00	38.99306506
19.01.2015 00:00:00	14.01893056
20.01.2015 00:00:00	18.99993106
21.01.2015 00:00:00	45.03672171
22.01.2015 00:00:00	5.788916667
23.01.2015 00:00:00	4.57355311
24.01.2015 00:00:00	15.16562145
25.01.2015 00:00:00	46.68873713
26.01.2015 00:00:00	109.6412794
27.01.2015 00:00:00	44.14239226
28.01.2015 00:00:00	96.910125
29.01.2015 00:00:00	193.6656528
30.01.2015 00:00:00	51.05551389
31.01.2015 00:00:00	72.15491667
01.02.2015 00:00:00	170.6756389
02.02.2015 00:00:00	56.19497222
03.02.2015 00:00:00	188.3304167
04.02.2015 00:00:00	90.20747222
05.02.2015 00:00:00	157.1003194
06.02.2015 00:00:00	229.3974444
07.02.2015 00:00:00	239.1983333
08.02.2015 00:00:00	133.7510139
09.02.2015 00:00:00	38.76330556
10.02.2015 00:00:00	44.57563889
11.02.2015 00:00:00	119.9858889
12.02.2015 00:00:00	33.09770833
13.02.2015 00:00:00	21.33056944
14.02.2015 00:00:00	32.63877778
15.02.2015 00:00:00	41.55936111
16.02.2015 00:00:00	229.0920278
17.02.2015 00:00:00	57.67279167
18.02.2015 00:00:00	12.36493056
19.02.2015 00:00:00	147.8251111
20.02.2015 00:00:00	286.7103889
21.02.2015 00:00:00	223.9858889
22.02.2015 00:00:00	60.86161111
23.02.2015 00:00:00	230.4985694
24.02.2015 00:00:00	137.632125
25.02.2015 00:00:00	133.7577639
26.02.2015 00:00:00	236.7047361
27.02.2015 00:00:00	168.4968333
28.02.2015 00:00:00	53.385375
01.03.2015 00:00:00	77.42145833
02.03.2015 00:00:00	150.5009861
03.03.2015 00:00:00	354.5952639
04.03.2015 00:00:00	228.6046806
05.03.2015 00:00:00	139.7888472
06.03.2015 00:00:00	124.3521528
07.03.2015 00:00:00	309.1241944
08.03.2015 00:00:00	331.0676667
09.03.2015 00:00:00	319.0736944
10.03.2015 00:00:00	339.0205833
11.03.2015 00:00:00	174.7990556
12.03.2015 00:00:00	85.563625
13.03.2015 00:00:00	73.03159722
14.03.2015 00:00:00	40.60081944
15.03.2015 00:00:00	65.96668056
16.03.2015 00:00:00	197.6899306
17.03.2015 00:00:00	229.9875694
18.03.2015 00:00:00	349.9470278
19.03.2015 00:00:00	387.951125
20.03.2015 00:00:00	322.8203056
21.03.2015 00:00:00	293.5819167
22.03.2015 00:00:00	68.21481944
23.03.2015 00:00:00	364.7756389
24.03.2015 00:00:00	343.1898056
25.03.2015 00:00:00	322.0767083
26.03.2015 00:00:00	110.8888194
27.03.2015 00:00:00	164.6913333
28.03.2015 00:00:00	246.537375
29.03.2015 00:00:00	113.7684306
30.03.2015 00:00:00	339.5344028
31.03.2015 00:00:00	258.692
01.04.2015 00:00:00	282.3384306
02.04.2015 00:00:00	226.3712778
03.04.2015 00:00:00	234.3669722
04.04.2015 00:00:00	436.5447361
05.04.2015 00:00:00	306.7894306
06.04.2015 00:00:00	309.5311111
07.04.2015 00:00:00	533.2725
08.04.2015 00:00:00	64.80543056
09.04.2015 00:00:00	384.549625
10.04.2015 00:00:00	516.1491667
11.04.2015 00:00:00	438.0127083
12.04.2015 00:00:00	360.4572639
13.04.2015 00:00:00	324.7549861
14.04.2015 00:00:00	561.6133333
15.04.2015 00:00:00	496.1474028
16.04.2015 00:00:00	509.2561667
17.04.2015 00:00:00	229.0521806
18.04.2015 00:00:00	321.8914583
19.04.2015 00:00:00	627.3967639
20.04.2015 00:00:00	641.8942917
21.04.2015 00:00:00	569.3451528
22.04.2015 00:00:00	552.5971667
23.04.2015 00:00:00	521.4009306
24.04.2015 00:00:00	443.744
25.04.2015 00:00:00	443.151375
26.04.2015 00:00:00	278.7778333
27.04.2015 00:00:00	527.6033056
28.04.2015 00:00:00	57.15284722
29.04.2015 00:00:00	643.3994583
30.04.2015 00:00:00	375.397875
01.05.2015 00:00:00	242.6367222
02.05.2015 00:00:00	507.2308472
03.05.2015 00:00:00	367.8185417
04.05.2015 00:00:00	427.4466528
05.05.2015 00:00:00	398.2754861
06.05.2015 00:00:00	212.2304444
07.05.2015 00:00:00	555.5131944
08.05.2015 00:00:00	611.1965833
09.05.2015 00:00:00	332.2084444
10.05.2015 00:00:00	483.5328611
11.05.2015 00:00:00	655.1755833
12.05.2015 00:00:00	510.70525
13.05.2015 00:00:00	535.4741944
14.05.2015 00:00:00	495.30275
15.05.2015 00:00:00	612.3125972
16.05.2015 00:00:00	635.2235278
17.05.2015 00:00:00	664.7311944
18.05.2015 00:00:00	656.3004167
19.05.2015 00:00:00	230.7578889
20.05.2015 00:00:00	131.305
21.05.2015 00:00:00	220.132625
22.05.2015 00:00:00	601.5688611
23.05.2015 00:00:00	461.1035972
24.05.2015 00:00:00	325.9254444
25.05.2015 00:00:00	320.7602083
26.05.2015 00:00:00	274.6703472
27.05.2015 00:00:00	366.9782639
28.05.2015 00:00:00	526.7696389
29.05.2015 00:00:00	488.6143611
30.05.2015 00:00:00	357.8303194
31.05.2015 00:00:00	598.258625
01.06.2015 00:00:00	392.1286389
02.06.2015 00:00:00	564.9259583
03.06.2015 00:00:00	609.2851573
04.06.2015 00:00:00	631.8629399
05.06.2015 00:00:00	670.6303472
06.06.2015 00:00:00	644.6112887
07.06.2015 00:00:00	562.7132807
08.06.2015 00:00:00	407.6580972
09.06.2015 00:00:00	64.46686111
10.06.2015 00:00:00	383.5468611
11.06.2015 00:00:00	458.1002639
12.06.2015 00:00:00	601.2297778
13.06.2015 00:00:00	384.1585
14.06.2015 00:00:00	596.7198333
15.06.2015 00:00:00	292.2871389
16.06.2015 00:00:00	469.8669444
17.06.2015 00:00:00	578.6620694
18.06.2015 00:00:00	212.8090972
19.06.2015 00:00:00	308.6110278
20.06.2015 00:00:00	497.0343194
21.06.2015 00:00:00	301.7981111
22.06.2015 00:00:00	340.7881528
23.06.2015 00:00:00	487.2870278
24.06.2015 00:00:00	389.3352778
25.06.2015 00:00:00	522.108375
26.06.2015 00:00:00	404.9282222
27.06.2015 00:00:00	190.4940972
28.06.2015 00:00:00	628.8600972
29.06.2015 00:00:00	467.2198889
30.06.2015 00:00:00	565.3169722
01.07.2015 00:00:00	635.3569167
02.07.2015 00:00:00	642.9023472
03.07.2015 00:00:00	625.6870694
04.07.2015 00:00:00	614.5409167
05.07.2015 00:00:00	484.8095139
06.07.2015 00:00:00	575.4427361
07.07.2015 00:00:00	614.5275025
08.07.2015 00:00:00	425.0742892
09.07.2015 00:00:00	396.9002639
10.07.2015 00:00:00	664.0507083
11.07.2015 00:00:00	601.1364306
12.07.2015 00:00:00	539.1970556
13.07.2015 00:00:00	253.1219861
14.07.2015 00:00:00	268.0592361
15.07.2015 00:00:00	397.9520139
16.07.2015 00:00:00	518.8195556
17.07.2015 00:00:00	433.1791111
18.07.2015 00:00:00	511.9849444
19.07.2015 00:00:00	393.0804028
20.07.2015 00:00:00	342.2165417
21.07.2015 00:00:00	463.2481389
22.07.2015 00:00:00	592.1216944
23.07.2015 00:00:00	225.208397
24.07.2015 00:00:00	410.9893669
25.07.2015 00:00:00	338.2802361
26.07.2015 00:00:00	623.6354722
27.07.2015 00:00:00	378.86675
28.07.2015 00:00:00	441.6275556
29.07.2015 00:00:00	370.6676667
30.07.2015 00:00:00	503.7849167
31.07.2015 00:00:00	558.7218056
01.08.2015 00:00:00	493.4073472
02.08.2015 00:00:00	341.7095139
03.08.2015 00:00:00	534.0415694
04.08.2015 00:00:00	558.0859583
05.08.2015 00:00:00	527.1495278
06.08.2015 00:00:00	523.2530936
07.08.2015 00:00:00	543.6052953
08.08.2015 00:00:00	562.2219028
09.08.2015 00:00:00	530.1726389
10.08.2015 00:00:00	509.9845731
11.08.2015 00:00:00	501.4559825
12.08.2015 00:00:00	512.1268365
13.08.2015 00:00:00	525.2542468
14.08.2015 00:00:00	449.2408333
15.08.2015 00:00:00	482.6289444
16.08.2015 00:00:00	267.1272917
17.08.2015 00:00:00	58.38998611
18.08.2015 00:00:00	88.23611111
19.08.2015 00:00:00	65.98793056
20.08.2015 00:00:00	311.1073194
21.08.2015 00:00:00	539.9703396
22.08.2015 00:00:00	475.6513409
23.08.2015 00:00:00	470.6631667
24.08.2015 00:00:00	465.0769713
25.08.2015 00:00:00	302.299612
26.08.2015 00:00:00	537.8113056
27.08.2015 00:00:00	450.6144693
28.08.2015 00:00:00	199.9139923
29.08.2015 00:00:00	432.255844
30.08.2015 00:00:00	488.0739722
31.08.2015 00:00:00	460.5617222
01.09.2015 00:00:00	329.1883611
02.09.2015 00:00:00	339.599875
03.09.2015 00:00:00	379.5786111
04.09.2015 00:00:00	333.3303056
05.09.2015 00:00:00	357.5843194
06.09.2015 00:00:00	206.4679444
07.09.2015 00:00:00	285.3142361
08.09.2015 00:00:00	343.7153611
09.09.2015 00:00:00	376.7242639
10.09.2015 00:00:00	381.1351528
11.09.2015 00:00:00	160.4727222
12.09.2015 00:00:00	371.1639306
13.09.2015 00:00:00	452.6062917
14.09.2015 00:00:00	96.54088889
15.09.2015 00:00:00	258.5151528
16.09.2015 00:00:00	409.1779306
17.09.2015 00:00:00	438.2940972
18.09.2015 00:00:00	318.7679167
19.09.2015 00:00:00	462.4121806
20.09.2015 00:00:00	222.758125
21.09.2015 00:00:00	202.3289861
22.09.2015 00:00:00	323.8206944
23.09.2015 00:00:00	57.30115278
24.09.2015 00:00:00	267.5192361
25.09.2015 00:00:00	356.1691557
26.09.2015 00:00:00	113.5092054
27.09.2015 00:00:00	188.4070417
28.09.2015 00:00:00	351.3445139
29.09.2015 00:00:00	283.9072083
30.09.2015 00:00:00	145.9456389
01.10.2015 00:00:00	300.258125
02.10.2015 00:00:00	330.21375
03.10.2015 00:00:00	208.0838056
04.10.2015 00:00:00	224.6395278
05.10.2015 00:00:00	292.1275694
06.10.2015 00:00:00	123.6676667
07.10.2015 00:00:00	29.08893056
08.10.2015 00:00:00	41.84931944
09.10.2015 00:00:00	49.69333333
10.10.2015 00:00:00	86.46329167
11.10.2015 00:00:00	345.3533611
12.10.2015 00:00:00	400.6074861
13.10.2015 00:00:00	40.20961111
14.10.2015 00:00:00	33.688125
15.10.2015 00:00:00	8.029986111
16.10.2015 00:00:00	88.12090278
17.10.2015 00:00:00	115.6650278
18.10.2015 00:00:00	72.16833333
19.10.2015 00:00:00	185.2952778
20.10.2015 00:00:00	77.15719444
21.10.2015 00:00:00	57.05377778
22.10.2015 00:00:00	177.6861389
23.10.2015 00:00:00	198.4961944
24.10.2015 00:00:00	311.8226389
25.10.2015 00:00:00	97.72898611
26.10.2015 00:00:00	99.76072222
27.10.2015 00:00:00	20.49259722
28.10.2015 00:00:00	25.90159722
29.10.2015 00:00:00	15.94345492
30.10.2015 00:00:00	20.93240619
31.10.2015 00:00:00	213.1193333
01.11.2015 00:00:00	260.0727222
02.11.2015 00:00:00	259.5502778
03.11.2015 00:00:00	235.6520972
04.11.2015 00:00:00	172.9892639
05.11.2015 00:00:00	172.164125
06.11.2015 00:00:00	159.831625
07.11.2015 00:00:00	79.90190392
08.11.2015 00:00:00	126.1726655
09.11.2015 00:00:00	52.98040278
10.11.2015 00:00:00	117.5337785
11.11.2015 00:00:00	52.16551589
12.11.2015 00:00:00	122.6641918
13.11.2015 00:00:00	135.1280972
14.11.2015 00:00:00	130.0570139
15.11.2015 00:00:00	10.94783333
16.11.2015 00:00:00	139.6020694
17.11.2015 00:00:00	33.42607832
18.11.2015 00:00:00	56.32802163
19.11.2015 00:00:00	46.81716735
20.11.2015 00:00:00	17.8702327
21.11.2015 00:00:00	101.5358889
22.11.2015 00:00:00	82.59544444
23.11.2015 00:00:00	60.35165278
24.11.2015 00:00:00	91.88645833
25.11.2015 00:00:00	36.49745833
26.11.2015 00:00:00	34.49606944
27.11.2015 00:00:00	30.28254167
28.11.2015 00:00:00	70.94072222
29.11.2015 00:00:00	16.58952778
30.11.2015 00:00:00	28.42176389
01.12.2015 00:00:00	82.95563889
02.12.2015 00:00:00	13.34945833
03.12.2015 00:00:00	103.0125694
04.12.2015 00:00:00	48.023625
05.12.2015 00:00:00	68.32766667
06.12.2015 00:00:00	72.267
07.12.2015 00:00:00	13.64168056
08.12.2015 00:00:00	6.493875
09.12.2015 00:00:00	3.44775
10.12.2015 00:00:00	31.41797222
11.12.2015 00:00:00	44.92636111
12.12.2015 00:00:00	17.81802778
13.12.2015 00:00:00	28.25655556
14.12.2015 00:00:00	23.18538889
15.12.2015 00:00:00	18.22658333
16.12.2015 00:00:00	10.22590278
17.12.2015 00:00:00	20.09076389
18.12.2015 00:00:00	16.68691667
19.12.2015 00:00:00	73.66229167
20.12.2015 00:00:00	13.33658333
21.12.2015 00:00:00	7.939958333
22.12.2015 00:00:00	24.92672222
23.12.2015 00:00:00	94.80470833
24.12.2015 00:00:00	37.34151389
25.12.2015 00:00:00	36.49572222
26.12.2015 00:00:00	88.46045833
27.12.2015 00:00:00	102.5613611
28.12.2015 00:00:00	72.09455556
29.12.2015 00:00:00	33.06
30.12.2015 00:00:00	80.46065278
31.12.2015 00:00:00	103.0606389
01.01.2016 00:00:00	19.02022222
02.01.2016 00:00:00	3.174375
03.01.2016 00:00:00	6.036972222
04.01.2016 00:00:00	7.521111111
05.01.2016 00:00:00	0
06.01.2016 00:00:00	0
07.01.2016 00:00:00	0
08.01.2016 00:00:00	56.80136111
09.01.2016 00:00:00	67.16155556
10.01.2016 00:00:00	23.38456944
11.01.2016 00:00:00	14.10184722
12.01.2016 00:00:00	74.97311111
13.01.2016 00:00:00	29.93511111
14.01.2016 00:00:00	126.0086806
15.01.2016 00:00:00	80.96958333
16.01.2016 00:00:00	35.82879167
17.01.2016 00:00:00	0
18.01.2016 00:00:00	0
19.01.2016 00:00:00	1.442319444
20.01.2016 00:00:00	0
21.01.2016 00:00:00	5.35975
22.01.2016 00:00:00	13.29236111
23.01.2016 00:00:00	0
24.01.2016 00:00:00	58.019125
25.01.2016 00:00:00	22.81566667
26.01.2016 00:00:00	116.2372639
27.01.2016 00:00:00	54.04511111
28.01.2016 00:00:00	27.16905556
29.01.2016 00:00:00	217.8756667
30.01.2016 00:00:00	32.92779167
31.01.2016 00:00:00	113.2600556
01.02.2016 00:00:00	40.36920833
02.02.2016 00:00:00	54.26198611
03.02.2016 00:00:00	57.11958333
04.02.2016 00:00:00	91.19995833
05.02.2016 00:00:00	185.7740278
06.02.2016 00:00:00	195.0669722
07.02.2016 00:00:00	115.2896528
08.02.2016 00:00:00	159.9815278
09.02.2016 00:00:00	107.1309444
10.02.2016 00:00:00	101.0292361
11.02.2016 00:00:00	172.2170278
12.02.2016 00:00:00	193.261625
13.02.2016 00:00:00	120.9649861
14.02.2016 00:00:00	166.9056667
15.02.2016 00:00:00	152.5196111
16.02.2016 00:00:00	29.249875
17.02.2016 00:00:00	0
18.02.2016 00:00:00	286.6023889
19.02.2016 00:00:00	112.1142361
20.02.2016 00:00:00	168.6303611
21.02.2016 00:00:00	78.32691667
22.02.2016 00:00:00	257.1699583
23.02.2016 00:00:00	56.62369444
24.02.2016 00:00:00	244.751375
25.02.2016 00:00:00	315.1219722
26.02.2016 00:00:00	191.5673472
27.02.2016 00:00:00	185.3899028
28.02.2016 00:00:00	56.55861111
29.02.2016 00:00:00	12.47577778
01.03.2016 00:00:00	0
02.03.2016 00:00:00	51.47655556
03.03.2016 00:00:00	116.1433889
04.03.2016 00:00:00	373.7431528
05.03.2016 00:00:00	223.7046111
06.03.2016 00:00:00	123.8752222
07.03.2016 00:00:00	176.0208333
08.03.2016 00:00:00	153.0915
09.03.2016 00:00:00	115.2537222
10.03.2016 00:00:00	218.4023889
11.03.2016 00:00:00	166.0838056
12.03.2016 00:00:00	99.91593056
13.03.2016 00:00:00	74.03023611
14.03.2016 00:00:00	422.2010972
15.03.2016 00:00:00	120.7908611
16.03.2016 00:00:00	168.9824722
17.03.2016 00:00:00	449.6187222
18.03.2016 00:00:00	427.9937778
19.03.2016 00:00:00	154.0021111
20.03.2016 00:00:00	73.03608333
21.03.2016 00:00:00	121.6685278
22.03.2016 00:00:00	235.4022639
23.03.2016 00:00:00	204.6906528
24.03.2016 00:00:00	205.3783611
25.03.2016 00:00:00	131.3269583
26.03.2016 00:00:00	227.7622917
27.03.2016 00:00:00	480.943
28.03.2016 00:00:00	381.7241111
29.03.2016 00:00:00	341.9426667
30.03.2016 00:00:00	125.7212639
31.03.2016 00:00:00	425.105125
01.04.2016 00:00:00	146.1558333
02.04.2016 00:00:00	523.2279167
03.04.2016 00:00:00	430.346375
04.04.2016 00:00:00	393.7160694
05.04.2016 00:00:00	408.6510139
06.04.2016 00:00:00	375.085125
07.04.2016 00:00:00	288.9699583
08.04.2016 00:00:00	166.7165833
09.04.2016 00:00:00	120.3344861
10.04.2016 00:00:00	71.96834722
11.04.2016 00:00:00	182.016875
12.04.2016 00:00:00	380.5445694
13.04.2016 00:00:00	215.3626944
14.04.2016 00:00:00	351.1420833
15.04.2016 00:00:00	190.3280417
16.04.2016 00:00:00	158.2965972
17.04.2016 00:00:00	136.4409583
18.04.2016 00:00:00	318.5466944
19.04.2016 00:00:00	237.3838472
20.04.2016 00:00:00	507.0322778
21.04.2016 00:00:00	578.6729028
22.04.2016 00:00:00	553.6823611
23.04.2016 00:00:00	240.5424861
24.04.2016 00:00:00	327.6914722
25.04.2016 00:00:00	431.3536944
26.04.2016 00:00:00	296.0738472
27.04.2016 00:00:00	376.3290833
28.04.2016 00:00:00	431.4601806
29.04.2016 00:00:00	586.42
30.04.2016 00:00:00	576.1066667
01.05.2016 00:00:00	391.0197361
02.05.2016 00:00:00	539.8871111
03.05.2016 00:00:00	474.9803056
04.05.2016 00:00:00	116.6711806
05.05.2016 00:00:00	558.073375
06.05.2016 00:00:00	608.0864306
07.05.2016 00:00:00	609.7043611
08.05.2016 00:00:00	543.2387083
09.05.2016 00:00:00	567.492875
10.05.2016 00:00:00	492.6932917
11.05.2016 00:00:00	434.6393889
12.05.2016 00:00:00	281.1814583
13.05.2016 00:00:00	380.5760556
14.05.2016 00:00:00	609.4265139
15.05.2016 00:00:00	361.1547361
16.05.2016 00:00:00	359.8616528
17.05.2016 00:00:00	261.1701111
18.05.2016 00:00:00	345.8786944
19.05.2016 00:00:00	435.0488333
20.05.2016 00:00:00	404.8930694
21.05.2016 00:00:00	471.0896111
22.05.2016 00:00:00	581.5131111
23.05.2016 00:00:00	406.1472361
24.05.2016 00:00:00	246.9377917
25.05.2016 00:00:00	269.8039028
26.05.2016 00:00:00	400.3460417
27.05.2016 00:00:00	383.0422222
28.05.2016 00:00:00	388.9250556
29.05.2016 00:00:00	391.1295082
30.05.2016 00:00:00	435.6403112
31.05.2016 00:00:00	407.4360694
01.06.2016 00:00:00	405.9510556
02.06.2016 00:00:00	425.7535556
03.06.2016 00:00:00	244.251125
04.06.2016 00:00:00	506.1200278
05.06.2016 00:00:00	567.469375
06.06.2016 00:00:00	544.3672639
07.06.2016 00:00:00	604.025875
08.06.2016 00:00:00	599.6645556
09.06.2016 00:00:00	475.6814861
10.06.2016 00:00:00	417.2160694
11.06.2016 00:00:00	301.3274722
12.06.2016 00:00:00	290.8803333
13.06.2016 00:00:00	394.4321944
14.06.2016 00:00:00	399.9328333
15.06.2016 00:00:00	286.3302639
16.06.2016 00:00:00	529.737
17.06.2016 00:00:00	202.052625
18.06.2016 00:00:00	552.2317778
19.06.2016 00:00:00	434.7418333
20.06.2016 00:00:00	298.0817083
21.06.2016 00:00:00	338.4429722
22.06.2016 00:00:00	448.3972222
23.06.2016 00:00:00	585.2864713
24.06.2016 00:00:00	539.0190981
25.06.2016 00:00:00	420.7757361
26.06.2016 00:00:00	355.7273889
27.06.2016 00:00:00	336.7769306
28.06.2016 00:00:00	416.2535972
29.06.2016 00:00:00	420.3720833
30.06.2016 00:00:00	351.0367639
01.07.2016 00:00:00	573.5780556
02.07.2016 00:00:00	317.6778611
03.07.2016 00:00:00	466.7583056
04.07.2016 00:00:00	513.5726389
05.07.2016 00:00:00	443.4315278
06.07.2016 00:00:00	510.578
07.07.2016 00:00:00	568.378875
08.07.2016 00:00:00	497.6988889
09.07.2016 00:00:00	446.7170139
10.07.2016 00:00:00	496.7581667
11.07.2016 00:00:00	521.8345
12.07.2016 00:00:00	337.7165833
13.07.2016 00:00:00	329.1694306
14.07.2016 00:00:00	156.5414583
15.07.2016 00:00:00	223.0360139
16.07.2016 00:00:00	517.7984722
17.07.2016 00:00:00	228.8451944
18.07.2016 00:00:00	538.1367083
19.07.2016 00:00:00	437.5841806
20.07.2016 00:00:00	549.8178333
21.07.2016 00:00:00	323.5246528
22.07.2016 00:00:00	525.1770057
23.07.2016 00:00:00	377.130036
24.07.2016 00:00:00	313.6855556
25.07.2016 00:00:00	439.8217639
26.07.2016 00:00:00	372.035
27.07.2016 00:00:00	308.4988194
28.07.2016 00:00:00	365.6465278
29.07.2016 00:00:00	358.2285556
30.07.2016 00:00:00	445.8594583
31.07.2016 00:00:00	171.1285139
01.08.2016 00:00:00	413.3067361
02.08.2016 00:00:00	240.471375
03.08.2016 00:00:00	182.0291944
04.08.2016 00:00:00	485.9208472
05.08.2016 00:00:00	125.1829306
06.08.2016 00:00:00	370.3243611
07.08.2016 00:00:00	503.9032778
08.08.2016 00:00:00	551.8599028
09.08.2016 00:00:00	137.5349306
10.08.2016 00:00:00	205.5341389
11.08.2016 00:00:00	374.6873056
12.08.2016 00:00:00	233.97725
13.08.2016 00:00:00	345.0377083
14.08.2016 00:00:00	412.1985
15.08.2016 00:00:00	473.88
16.08.2016 00:00:00	435.4462917
17.08.2016 00:00:00	511.780875
18.08.2016 00:00:00	520.5984306
19.08.2016 00:00:00	548.4092778
20.08.2016 00:00:00	407.9567778
21.08.2016 00:00:00	277.0583611
22.08.2016 00:00:00	359.3114167
23.08.2016 00:00:00	424.4352778
24.08.2016 00:00:00	505.8972778
25.08.2016 00:00:00	517.6660972
26.08.2016 00:00:00	523.7763056
27.08.2016 00:00:00	515.6725278
28.08.2016 00:00:00	495.237875
29.08.2016 00:00:00	167.6507361
30.08.2016 00:00:00	533.5059167
31.08.2016 00:00:00	529.3806944
01.09.2016 00:00:00	480.2995
02.09.2016 00:00:00	389.7705972
03.09.2016 00:00:00	302.1693611
04.09.2016 00:00:00	291.9547778
05.09.2016 00:00:00	247.8014306
06.09.2016 00:00:00	402.4627083
07.09.2016 00:00:00	469.5042639
08.09.2016 00:00:00	483.5587917
09.09.2016 00:00:00	386.9483056
10.09.2016 00:00:00	419.2480228
11.09.2016 00:00:00	437.9595189
12.09.2016 00:00:00	413.4691749
13.09.2016 00:00:00	426.3746446
14.09.2016 00:00:00	400.8232361
15.09.2016 00:00:00	436.8616528
16.09.2016 00:00:00	357.3679861
17.09.2016 00:00:00	45.70955556
18.09.2016 00:00:00	124.7831944
19.09.2016 00:00:00	39.98022222
20.09.2016 00:00:00	244.9715278
21.09.2016 00:00:00	235.6467361
22.09.2016 00:00:00	434.8195972
23.09.2016 00:00:00	276.2737639
24.09.2016 00:00:00	385.5170972
25.09.2016 00:00:00	411.3746667
26.09.2016 00:00:00	348.3796528
27.09.2016 00:00:00	403.5645139
28.09.2016 00:00:00	314.172125
29.09.2016 00:00:00	358.7308056
30.09.2016 00:00:00	255.4382778
01.10.2016 00:00:00	318.4825278
02.10.2016 00:00:00	79.56625
03.10.2016 00:00:00	111.361875
04.10.2016 00:00:00	135.3029028
05.10.2016 00:00:00	157.3285139
06.10.2016 00:00:00	82.00330556
07.10.2016 00:00:00	261.4298472
08.10.2016 00:00:00	97.31958333
09.10.2016 00:00:00	189.4445139
10.10.2016 00:00:00	176.0233194
11.10.2016 00:00:00	111.3278056
12.10.2016 00:00:00	45.67911111
13.10.2016 00:00:00	17.72423611
14.10.2016 00:00:00	31.52038889
15.10.2016 00:00:00	196.4832639
16.10.2016 00:00:00	202.0452222
17.10.2016 00:00:00	38.51327778
18.10.2016 00:00:00	57.43940278
19.10.2016 00:00:00	211.2288472
20.10.2016 00:00:00	165.4959444
21.10.2016 00:00:00	164.5321944
22.10.2016 00:00:00	145.255125
23.10.2016 00:00:00	173.9308333
24.10.2016 00:00:00	87.55501389
25.10.2016 00:00:00	67.90959722
26.10.2016 00:00:00	74.25273611
27.10.2016 00:00:00	208.6623333
28.10.2016 00:00:00	152.2102083
29.10.2016 00:00:00	76.75720833
30.10.2016 00:00:00	98.89948611
31.10.2016 00:00:00	306.5398889
01.11.2016 00:00:00	270.7529722
02.11.2016 00:00:00	236.9900833
03.11.2016 00:00:00	234.0040694
04.11.2016 00:00:00	182.4150278
05.11.2016 00:00:00	66.44988889
06.11.2016 00:00:00	35.39947222
07.11.2016 00:00:00	193.452875
08.11.2016 00:00:00	192.8530833
09.11.2016 00:00:00	171.0317639
10.11.2016 00:00:00	49.47141667
11.11.2016 00:00:00	53.76995833
12.11.2016 00:00:00	8.997041667
13.11.2016 00:00:00	214.0195556
14.11.2016 00:00:00	211.9509028
15.11.2016 00:00:00	65.25534722
16.11.2016 00:00:00	25.72104167
17.11.2016 00:00:00	50.41969444
18.11.2016 00:00:00	166.4988333
19.11.2016 00:00:00	13.72445833
20.11.2016 00:00:00	114.375625
21.11.2016 00:00:00	35.61377778
22.11.2016 00:00:00	22.49413889
23.11.2016 00:00:00	2.958833333
24.11.2016 00:00:00	5.397458333
25.11.2016 00:00:00	18.21358333
26.11.2016 00:00:00	9.471263889
27.11.2016 00:00:00	56.06402778
28.11.2016 00:00:00	93.36119444
29.11.2016 00:00:00	147.1153194
30.11.2016 00:00:00	36.40718056
01.12.2016 00:00:00	32.26755556
02.12.2016 00:00:00	98.60298611
03.12.2016 00:00:00	122.3130556
04.12.2016 00:00:00	107.9847361
05.12.2016 00:00:00	13.9335
06.12.2016 00:00:00	105.7030694
07.12.2016 00:00:00	101.1848472
08.12.2016 00:00:00	92.27363889
09.12.2016 00:00:00	47.45365278
10.12.2016 00:00:00	81.67252778
11.12.2016 00:00:00	35.77213889
12.12.2016 00:00:00	46.31713889
13.12.2016 00:00:00	20.998625
14.12.2016 00:00:00	20.48447222
15.12.2016 00:00:00	6.951166667
16.12.2016 00:00:00	66.62511111
17.12.2016 00:00:00	17.72913889
18.12.2016 00:00:00	15.46566667
19.12.2016 00:00:00	18.20619444
20.12.2016 00:00:00	14.96584722
21.12.2016 00:00:00	11.23844444
22.12.2016 00:00:00	9.581486111
23.12.2016 00:00:00	27.39822222
24.12.2016 00:00:00	17.320625
25.12.2016 00:00:00	12.18752778
26.12.2016 00:00:00	28.35554167
27.12.2016 00:00:00	20.75545833
28.12.2016 00:00:00	2.953166667
29.12.2016 00:00:00	107.0216528
30.12.2016 00:00:00	66.74956944
31.12.2016 00:00:00	106.7436806
01.01.2017 00:00:00	88.57751389
02.01.2017 00:00:00	9.752972222
03.01.2017 00:00:00	54.92238889
04.01.2017 00:00:00	46.35098611
05.01.2017 00:00:00	10.71740278
06.01.2017 00:00:00	27.80755556
07.01.2017 00:00:00	13.98054167
08.01.2017 00:00:00	0
09.01.2017 00:00:00	0
10.01.2017 00:00:00	0
11.01.2017 00:00:00	2.008569444
12.01.2017 00:00:00	29.44409722
13.01.2017 00:00:00	24.39784722
14.01.2017 00:00:00	33.33030556
15.01.2017 00:00:00	115.0489028
16.01.2017 00:00:00	29.32513889
17.01.2017 00:00:00	40.91934722
18.01.2017 00:00:00	153.3663333
19.01.2017 00:00:00	146.998375
20.01.2017 00:00:00	101.6987917
21.01.2017 00:00:00	154.4064583
22.01.2017 00:00:00	173.8622778
23.01.2017 00:00:00	135.9409167
24.01.2017 00:00:00	12.73319444
25.01.2017 00:00:00	13.00748611
26.01.2017 00:00:00	173.5740694
27.01.2017 00:00:00	210.8943611
28.01.2017 00:00:00	32.28623611
29.01.2017 00:00:00	56.33222222
30.01.2017 00:00:00	198.4018333
31.01.2017 00:00:00	0
01.02.2017 00:00:00	0
02.02.2017 00:00:00	0
03.02.2017 00:00:00	0
04.02.2017 00:00:00	26.13352778
05.02.2017 00:00:00	152.944125
06.02.2017 00:00:00	42.84461111
07.02.2017 00:00:00	28.063625
08.02.2017 00:00:00	37.49477778
09.02.2017 00:00:00	69.30633333
10.02.2017 00:00:00	27.93531944
11.02.2017 00:00:00	21.81993056
12.02.2017 00:00:00	26.31247222
13.02.2017 00:00:00	320.94275
14.02.2017 00:00:00	321.2614167
15.02.2017 00:00:00	326.2806944
16.02.2017 00:00:00	311.500875
17.02.2017 00:00:00	200.7330694
18.02.2017 00:00:00	61.782875
19.02.2017 00:00:00	319.6245
20.02.2017 00:00:00	231.0186111
21.02.2017 00:00:00	148.8285278
22.02.2017 00:00:00	79.17275
23.02.2017 00:00:00	56.30286111
24.02.2017 00:00:00	301.3153611
25.02.2017 00:00:00	386.7972222
26.02.2017 00:00:00	97.921
27.02.2017 00:00:00	397.1911667
28.02.2017 00:00:00	103.2127083
01.03.2017 00:00:00	253.8451528
02.03.2017 00:00:00	323.4890972
03.03.2017 00:00:00	340.8896806
04.03.2017 00:00:00	395.9140278
05.03.2017 00:00:00	172.7251806
06.03.2017 00:00:00	240.2652778
07.03.2017 00:00:00	107.865375
08.03.2017 00:00:00	193.4001528
09.03.2017 00:00:00	219.3722222
10.03.2017 00:00:00	74.20684722
11.03.2017 00:00:00	262.236375
12.03.2017 00:00:00	240.8729861
13.03.2017 00:00:00	393.7277222
14.03.2017 00:00:00	205.2393611
15.03.2017 00:00:00	270.3028611
16.03.2017 00:00:00	477.0781806
17.03.2017 00:00:00	295.4817639
18.03.2017 00:00:00	89.51627778
19.03.2017 00:00:00	96.47330556
20.03.2017 00:00:00	265.5287778
21.03.2017 00:00:00	223.1268194
22.03.2017 00:00:00	90.29369444
23.03.2017 00:00:00	61.85297222
24.03.2017 00:00:00	222.699
25.03.2017 00:00:00	432.9446667
26.03.2017 00:00:00	552.9857639
27.03.2017 00:00:00	533.04275
28.03.2017 00:00:00	517.2711111
29.03.2017 00:00:00	431.0695556
30.03.2017 00:00:00	260.9744722
31.03.2017 00:00:00	505.2440833
01.04.2017 00:00:00	516.3990972
02.04.2017 00:00:00	443.5851806
03.04.2017 00:00:00	172.165875
04.04.2017 00:00:00	161.2555556
05.04.2017 00:00:00	412.0231667
06.04.2017 00:00:00	335.7302917
07.04.2017 00:00:00	96.83109722
08.04.2017 00:00:00	286.6916111
09.04.2017 00:00:00	411.0207222
10.04.2017 00:00:00	519.3989167
11.04.2017 00:00:00	313.8020833
12.04.2017 00:00:00	212.5385694
13.04.2017 00:00:00	268.7532778
14.04.2017 00:00:00	416.4984028
15.04.2017 00:00:00	309.090875
16.04.2017 00:00:00	429.8086528
17.04.2017 00:00:00	142.2114306
18.04.2017 00:00:00	272.1743056
19.04.2017 00:00:00	293.3054306
20.04.2017 00:00:00	404.3425694
21.04.2017 00:00:00	477.0652083
22.04.2017 00:00:00	176.1204722
23.04.2017 00:00:00	403.891875
24.04.2017 00:00:00	607.4547917
25.04.2017 00:00:00	417.0885972
26.04.2017 00:00:00	114.6065694
27.04.2017 00:00:00	288.2448889
28.04.2017 00:00:00	88.09901389
29.04.2017 00:00:00	371.8077917
30.04.2017 00:00:00	562.76925
01.05.2017 00:00:00	467.2377917
02.05.2017 00:00:00	406.2373194
03.05.2017 00:00:00	516.8492917
04.05.2017 00:00:00	286.4809167
05.05.2017 00:00:00	167.1466528
06.05.2017 00:00:00	345.6440417
07.05.2017 00:00:00	411.162
08.05.2017 00:00:00	227.0506667
09.05.2017 00:00:00	401.4228333
10.05.2017 00:00:00	546.8665694
11.05.2017 00:00:00	609.9027778
12.05.2017 00:00:00	379.8409028
13.05.2017 00:00:00	377.5203889
14.05.2017 00:00:00	324.8265417
15.05.2017 00:00:00	418.529375
16.05.2017 00:00:00	690.6007083
17.05.2017 00:00:00	648.2975
18.05.2017 00:00:00	558.9005556
19.05.2017 00:00:00	545.1010972
20.05.2017 00:00:00	187.0859583
21.05.2017 00:00:00	455.2134028
22.05.2017 00:00:00	401.5193611
23.05.2017 00:00:00	481.2112639
24.05.2017 00:00:00	419.280125
25.05.2017 00:00:00	345.5628056
26.05.2017 00:00:00	486.8768056
27.05.2017 00:00:00	553.2127083
28.05.2017 00:00:00	562.4732639
29.05.2017 00:00:00	506.8670417
30.05.2017 00:00:00	469.8565833
31.05.2017 00:00:00	460.5492222
01.06.2017 00:00:00	563.7171111
02.06.2017 00:00:00	556.3063333
03.06.2017 00:00:00	503.7417083
04.06.2017 00:00:00	208.0484861
05.06.2017 00:00:00	390.3352361
06.06.2017 00:00:00	321.1570278
07.06.2017 00:00:00	432.3777222
08.06.2017 00:00:00	552.2155972
09.06.2017 00:00:00	539.9454306
10.06.2017 00:00:00	514.5869028
11.06.2017 00:00:00	551.4912222
12.06.2017 00:00:00	432.1679583
13.06.2017 00:00:00	454.531375
14.06.2017 00:00:00	541.8333333
15.06.2017 00:00:00	506.3954028
16.06.2017 00:00:00	447.9055556
17.06.2017 00:00:00	346.3841667
18.06.2017 00:00:00	442.4129973
19.06.2017 00:00:00	496.2207498
20.06.2017 00:00:00	536.0469752
21.06.2017 00:00:00	506.0481806
22.06.2017 00:00:00	529.2644306
23.06.2017 00:00:00	448.4996389
24.06.2017 00:00:00	555.3676667
25.06.2017 00:00:00	361.7198889
26.06.2017 00:00:00	336.6149861
27.06.2017 00:00:00	214.5038465
28.06.2017 00:00:00	397.6944684
29.06.2017 00:00:00	100.02356
30.06.2017 00:00:00	354.64525
01.07.2017 00:00:00	424.1751944
02.07.2017 00:00:00	335.6471111
03.07.2017 00:00:00	431.6032917
04.07.2017 00:00:00	231.108125
05.07.2017 00:00:00	440.1864028
06.07.2017 00:00:00	520.5173611
07.07.2017 00:00:00	412.652125
08.07.2017 00:00:00	463.5122778
09.07.2017 00:00:00	382.0303889
10.07.2017 00:00:00	394.8854362
11.07.2017 00:00:00	289.9271054
12.07.2017 00:00:00	265.6378611
13.07.2017 00:00:00	444.5304722
14.07.2017 00:00:00	340.606125
15.07.2017 00:00:00	333.2728333
16.07.2017 00:00:00	407.9859306
17.07.2017 00:00:00	289.0327398
18.07.2017 00:00:00	452.0962247
19.07.2017 00:00:00	517.7429522
20.07.2017 00:00:00	335.7197639
21.07.2017 00:00:00	469.2427596
22.07.2017 00:00:00	399.2953377
23.07.2017 00:00:00	310.8221667
24.07.2017 00:00:00	173.1494583
25.07.2017 00:00:00	341.834
26.07.2017 00:00:00	248.556
27.07.2017 00:00:00	293.5619861
28.07.2017 00:00:00	326.5878333
29.07.2017 00:00:00	424.6342361
30.07.2017 00:00:00	469.0250694
31.07.2017 00:00:00	504.3834722
01.08.2017 00:00:00	492.9372361
02.08.2017 00:00:00	376.5693333
03.08.2017 00:00:00	138.6334169
04.08.2017 00:00:00	275.1753748
05.08.2017 00:00:00	491.4018978
06.08.2017 00:00:00	264.194755
07.08.2017 00:00:00	527.7420972
08.08.2017 00:00:00	457.1008333
09.08.2017 00:00:00	358.9752778
10.08.2017 00:00:00	453.0296528
11.08.2017 00:00:00	40.51081944
12.08.2017 00:00:00	276.5242361
13.08.2017 00:00:00	397.4364861
14.08.2017 00:00:00	507.5874167
15.08.2017 00:00:00	490.3953361
16.08.2017 00:00:00	170.8579
17.08.2017 00:00:00	416.7559583
18.08.2017 00:00:00	445.0929326
19.08.2017 00:00:00	225.8435257
20.08.2017 00:00:00	359.0498611
21.08.2017 00:00:00	353.1576528
22.08.2017 00:00:00	388.637375
23.08.2017 00:00:00	497.085875
24.08.2017 00:00:00	326.471
25.08.2017 00:00:00	402.9498194
26.08.2017 00:00:00	426.5369456
27.08.2017 00:00:00	402.8034711
28.08.2017 00:00:00	408.7211667
29.08.2017 00:00:00	476.9286667
30.08.2017 00:00:00	463.6340417
31.08.2017 00:00:00	216.67125
01.09.2017 00:00:00	67.26609722
02.09.2017 00:00:00	232.9440694
03.09.2017 00:00:00	241.6719444
04.09.2017 00:00:00	427.8536667
05.09.2017 00:00:00	410.2797222
06.09.2017 00:00:00	229.2235
07.09.2017 00:00:00	281.9881806
08.09.2017 00:00:00	324.1867222
09.09.2017 00:00:00	332.1868333
10.09.2017 00:00:00	0
11.09.2017 00:00:00	198.3292361
12.09.2017 00:00:00	201.6464861
13.09.2017 00:00:00	154.0869583
14.09.2017 00:00:00	41.12459722
15.09.2017 00:00:00	229.6565278
16.09.2017 00:00:00	106.1849861
17.09.2017 00:00:00	271.2142639
18.09.2017 00:00:00	213.2057917
19.09.2017 00:00:00	241.4936528
20.09.2017 00:00:00	245.6080972
21.09.2017 00:00:00	157.5600556
22.09.2017 00:00:00	171.1881806
23.09.2017 00:00:00	251.2978889
24.09.2017 00:00:00	49.00545833
25.09.2017 00:00:00	114.6251389
26.09.2017 00:00:00	140.2502222
27.09.2017 00:00:00	301.1909167
28.09.2017 00:00:00	244.1769583
29.09.2017 00:00:00	372.0674167
30.09.2017 00:00:00	379.6009444
01.10.2017 00:00:00	189.2013472
02.10.2017 00:00:00	207.5874722
03.10.2017 00:00:00	95.70201389
04.10.2017 00:00:00	228.2830556
05.10.2017 00:00:00	80.362125
06.10.2017 00:00:00	268.2294028
07.10.2017 00:00:00	216.3074861
08.10.2017 00:00:00	138.7281806
09.10.2017 00:00:00	234.3248611
10.10.2017 00:00:00	146.1533472
11.10.2017 00:00:00	166.0544444
12.10.2017 00:00:00	177.6626528
13.10.2017 00:00:00	202.2739306
14.10.2017 00:00:00	315.7212639
15.10.2017 00:00:00	330.0532917
16.10.2017 00:00:00	326.5895833
17.10.2017 00:00:00	299.4752083
18.10.2017 00:00:00	44.88055556
19.10.2017 00:00:00	59.35427778
20.10.2017 00:00:00	97.85306944
21.10.2017 00:00:00	118.4405139
22.10.2017 00:00:00	107.2081667
23.10.2017 00:00:00	46.82809722
24.10.2017 00:00:00	119.9069167
25.10.2017 00:00:00	122.4481806
26.10.2017 00:00:00	132.9187639
27.10.2017 00:00:00	131.61675
28.10.2017 00:00:00	64.221125
29.10.2017 00:00:00	140.172625
30.10.2017 00:00:00	182.8995139
31.10.2017 00:00:00	76.93715278
01.11.2017 00:00:00	47.77554167
02.11.2017 00:00:00	76.18679167
03.11.2017 00:00:00	129.915875
04.11.2017 00:00:00	170.3454722
05.11.2017 00:00:00	153.0571667
06.11.2017 00:00:00	21.24986111
07.11.2017 00:00:00	26.53588889
08.11.2017 00:00:00	19.84191667
09.11.2017 00:00:00	0
10.11.2017 00:00:00	40.1005
11.11.2017 00:00:00	204.7872778
12.11.2017 00:00:00	65.53677778
13.11.2017 00:00:00	39.3775
14.11.2017 00:00:00	128.1012778
15.11.2017 00:00:00	124.6432917
16.11.2017 00:00:00	32.25068056
17.11.2017 00:00:00	18.35526389
18.11.2017 00:00:00	75.28451389
19.11.2017 00:00:00	84.23931944
20.11.2017 00:00:00	71.08470833
21.11.2017 00:00:00	35.056
22.11.2017 00:00:00	85.63401389
23.11.2017 00:00:00	118.2300417
24.11.2017 00:00:00	90.35393056
25.11.2017 00:00:00	44.31272222
26.11.2017 00:00:00	71.79923611
27.11.2017 00:00:00	108.1085139
28.11.2017 00:00:00	47.08676389
29.11.2017 00:00:00	14.52636111
30.11.2017 00:00:00	11.74031944
01.12.2017 00:00:00	66.45004167
02.12.2017 00:00:00	56.34369444
03.12.2017 00:00:00	43.534625
04.12.2017 00:00:00	27.95544444
05.12.2017 00:00:00	37.47420833
06.12.2017 00:00:00	10.72426389
07.12.2017 00:00:00	105.3941806
08.12.2017 00:00:00	30.79783333
09.12.2017 00:00:00	78.21270833
10.12.2017 00:00:00	65.57159722
11.12.2017 00:00:00	27.22234722
12.12.2017 00:00:00	30.84290278
13.12.2017 00:00:00	86.79963889
14.12.2017 00:00:00	59.64493056
15.12.2017 00:00:00	66.32463889
16.12.2017 00:00:00	21.73297222
17.12.2017 00:00:00	47.60294444
18.12.2017 00:00:00	52.31208333
19.12.2017 00:00:00	16.50794444
20.12.2017 00:00:00	22.77329167
21.12.2017 00:00:00	7.379513889
22.12.2017 00:00:00	38.76919444
23.12.2017 00:00:00	46.02241667
24.12.2017 00:00:00	34.02063889
25.12.2017 00:00:00	8.587333333
26.12.2017 00:00:00	55.33691667
27.12.2017 00:00:00	53.55436111
28.12.2017 00:00:00	14.77540278
29.12.2017 00:00:00	51.26470833
30.12.2017 00:00:00	32.22731944
31.12.2017 00:00:00	51.58820833
01.01.2018 00:00:00	24.43355556
02.01.2018 00:00:00	41.77140278
03.01.2018 00:00:00	29.74318056
04.01.2018 00:00:00	38.01115278
05.01.2018 00:00:00	17.55447222
06.01.2018 00:00:00	78.78452778
07.01.2018 00:00:00	3.283597222
08.01.2018 00:00:00	6.984819444
09.01.2018 00:00:00	57.77490278
10.01.2018 00:00:00	4.116875
11.01.2018 00:00:00	27.14908333
12.01.2018 00:00:00	17.41297222
13.01.2018 00:00:00	6.254375
14.01.2018 00:00:00	11.82751389
15.01.2018 00:00:00	30.16852778
16.01.2018 00:00:00	38.32352778
17.01.2018 00:00:00	63.89097222
18.01.2018 00:00:00	27.96143056
19.01.2018 00:00:00	47.55529167
20.01.2018 00:00:00	44.83113889
21.01.2018 00:00:00	60.97263889
22.01.2018 00:00:00	55.688875
23.01.2018 00:00:00	51.98520833
24.01.2018 00:00:00	61.78183333
25.01.2018 00:00:00	55.59533333
26.01.2018 00:00:00	82.30459722
27.01.2018 00:00:00	24.18022222
28.01.2018 00:00:00	52.92640278
29.01.2018 00:00:00	136.3335
30.01.2018 00:00:00	196.6846667
31.01.2018 00:00:00	141.4400972
01.02.2018 00:00:00	32.96009722
02.02.2018 00:00:00	43.96227778
03.02.2018 00:00:00	67.203625
04.02.2018 00:00:00	138.1072917
05.02.2018 00:00:00	35.23068056
06.02.2018 00:00:00	219.3483611
07.02.2018 00:00:00	24.05290278
08.02.2018 00:00:00	56.490125
09.02.2018 00:00:00	31.77106944
10.02.2018 00:00:00	39.51738889
11.02.2018 00:00:00	99.412875
12.02.2018 00:00:00	109.822375
13.02.2018 00:00:00	155.9159861
14.02.2018 00:00:00	216.9534028
15.02.2018 00:00:00	152.8127917
16.02.2018 00:00:00	250.0030972
17.02.2018 00:00:00	37.80122222
18.02.2018 00:00:00	92.31590278
19.02.2018 00:00:00	253.9608194
20.02.2018 00:00:00	179.7565417
21.02.2018 00:00:00	335.8139861
22.02.2018 00:00:00	337.5389861
23.02.2018 00:00:00	288.8670694
24.02.2018 00:00:00	242.1161389
25.02.2018 00:00:00	89.42226389
26.02.2018 00:00:00	275.8406389
27.02.2018 00:00:00	277.2686111
28.02.2018 00:00:00	360.2929583
01.03.2018 00:00:00	360.0600833
02.03.2018 00:00:00	113.1661111
03.03.2018 00:00:00	316.5037361
04.03.2018 00:00:00	225.4369028
05.03.2018 00:00:00	51.71754167
06.03.2018 00:00:00	3.060069444
07.03.2018 00:00:00	142.7744861
08.03.2018 00:00:00	305.7375139
09.03.2018 00:00:00	166.1777083
10.03.2018 00:00:00	198.3010972
11.03.2018 00:00:00	303.2603611
12.03.2018 00:00:00	34.55501389
13.03.2018 00:00:00	200.5721389
14.03.2018 00:00:00	106.1530556
15.03.2018 00:00:00	323.8359306
16.03.2018 00:00:00	52.47945833
17.03.2018 00:00:00	0
18.03.2018 00:00:00	20.625
19.03.2018 00:00:00	85.59276389
20.03.2018 00:00:00	437.5813194
21.03.2018 00:00:00	407.1326111
22.03.2018 00:00:00	183.5794722
23.03.2018 00:00:00	53.59804167
24.03.2018 00:00:00	198.2995833
25.03.2018 00:00:00	228.0400556
26.03.2018 00:00:00	149.3394306
27.03.2018 00:00:00	248.7210278
28.03.2018 00:00:00	99.34976389
29.03.2018 00:00:00	252.5106528
30.03.2018 00:00:00	351.2899722
31.03.2018 00:00:00	99.848375
01.04.2018 00:00:00	194.8401806
02.04.2018 00:00:00	375.5535556